line_number,datum,uhrzeit_start,uhrzeit_ende,zaehlstelle,richtung_1,richtung_2,gesamt,min.temp,max.temp,niederschlag,bewoelkung,sonnenstunden,kommentar
0,2024-01-01,00:00,23.59,Arnulf,245,21,266,3.3,7.1,0.0,76,5.2,
1,2024-01-02,00:00,23.59,Arnulf,435,38,473,3.0,11.1,1.0,94,0.0,
2,2024-01-03,00:00,23.59,Arnulf,569,53,622,7.1,13.0,1.6,74,3.8,
3,2024-01-04,00:00,23.59,Arnulf,575,45,620,4.3,9.1,0.0,91,1.5,
4,2024-01-05,00:00,23.59,Arnulf,490,44,534,2.2,8.6,12.7,95,0.0,
5,2024-01-06,00:00,23.59,Arnulf,174,11,185,0.4,5.0,15.3,96,0.0,
6,2024-01-07,00:00,23.59,Arnulf,106,22,128,-4.0,0.5,7.3,94,0.0,
7,2024-01-08,00:00,23.59,Arnulf,235,18,253,-5.7,-2.9,0.0,94,0.0,
8,2024-01-09,00:00,23.59,Arnulf,195,24,219,-7.9,-4.5,0.0,53,4.0,
9,2024-01-10,00:00,23.59,Arnulf,209,10,219,-6.8,-3.4,0.0,95,4.5,
10,2024-01-11,00:00,23.59,Arnulf,285,24,309,-7.1,-4.7,0.0,100,0.0,
11,2024-01-12,00:00,23.59,Arnulf,346,36,382,-5.8,-2.6,0.0,68,6.5,
12,2024-01-13,00:00,23.59,Arnulf,165,11,176,-6.9,-3.7,0.0,99,0.0,
13,2024-01-14,00:00,23.59,Arnulf,168,12,180,-5.4,1.0,0.0,85,6.9,
14,2024-01-15,00:00,23.59,Arnulf,467,57,524,-2.9,1.8,1.7,75,1.5,
15,2024-01-16,00:00,23.59,Arnulf,411,28,439,-5.3,0.6,1.7,81,2.0,
16,2024-01-17,00:00,23.59,Arnulf,257,28,285,-5.2,8.8,9.7,96,0.0,
17,2024-01-18,00:00,23.59,Arnulf,492,38,530,-1.8,11.3,3.6,95,1.0,
18,2024-01-19,00:00,23.59,Arnulf,296,26,322,-5.4,-0.3,0.0,59,2.4,
19,2024-01-20,00:00,23.59,Arnulf,180,13,193,-8.6,1.5,0.0,8,8.8,
20,2024-01-21,00:00,23.59,Arnulf,168,12,180,-7.9,4.8,0.0,56,7.3,
21,2024-01-22,00:00,23.59,Arnulf,514,41,555,-2.7,10.8,5.3,88,0.4,
22,2024-01-23,00:00,23.59,Arnulf,659,51,710,3.3,7.5,2.2,79,2.1,
23,2024-01-24,00:00,23.59,Arnulf,747,66,813,6.0,14.2,3.0,98,0.5,
24,2024-01-25,00:00,23.59,Arnulf,944,71,1015,6.5,9.6,0.5,93,3.7,
25,2024-01-26,00:00,23.59,Arnulf,656,65,721,2.7,11.9,5.4,88,0.5,
26,2024-01-27,00:00,23.59,Arnulf,584,40,624,0.1,6.8,0.0,14,8.9,
27,2024-01-28,00:00,23.59,Arnulf,490,38,528,-1.8,10.3,0.0,9,9.1,
28,2024-01-29,00:00,23.59,Arnulf,880,74,954,-2.6,12.4,0.0,60,8.7,
29,2024-01-30,00:00,23.59,Arnulf,1153,70,1223,-1.5,14.1,0.0,88,7.8,
30,2024-01-31,00:00,23.59,Arnulf,1181,86,1267,2.8,11.7,0.0,68,5.4,
31,2024-02-01,00:00,23.59,Arnulf,794,72,866,4.5,8.4,5.5,91,0.0,
32,2024-02-02,00:00,23.59,Arnulf,831,69,900,3.9,9.2,0.1,98,0.0,
33,2024-02-03,00:00,23.59,Arnulf,663,45,708,5.7,13.3,0.3,31,9.1,
34,2024-02-04,00:00,23.59,Arnulf,477,46,523,5.4,11.0,0.2,99,1.5,
35,2024-02-05,00:00,23.59,Arnulf,1153,85,1238,5.4,14.6,0.0,61,7.7,
36,2024-02-06,00:00,23.59,Arnulf,1252,80,1332,4.3,11.8,0.0,70,9.3,
37,2024-02-07,00:00,23.59,Arnulf,1090,80,1170,5.0,11.1,1.6,83,3.8,
38,2024-02-08,00:00,23.59,Arnulf,1007,71,1078,6.9,13.3,0.1,99,0.6,
39,2024-02-09,00:00,23.59,Arnulf,853,60,913,7.7,13.1,0.0,94,0.3,
40,2024-02-10,00:00,23.59,Arnulf,603,37,640,4.8,14.5,1.7,99,0.1,
41,2024-02-11,00:00,23.59,Arnulf,286,29,315,4.0,9.8,2.4,96,0.0,
42,2024-02-12,00:00,23.59,Arnulf,827,70,897,4.4,9.5,1.4,96,1.3,
43,2024-02-13,00:00,23.59,Arnulf,899,76,975,3.5,9.7,0.0,79,7.3,
44,2024-02-14,00:00,23.59,Arnulf,983,85,1068,3.4,13.7,0.1,99,2.5,
45,2024-02-15,00:00,23.59,Arnulf,1158,75,1233,5.5,16.1,0.0,88,7.4,
46,2024-02-16,00:00,23.59,Arnulf,1017,86,1103,5.1,18.0,6.1,96,5.7,
47,2024-02-17,00:00,23.59,Arnulf,509,33,542,7.3,11.9,1.3,86,0.8,
48,2024-02-18,00:00,23.59,Arnulf,655,45,700,5.2,13.7,2.7,83,6.1,
49,2024-02-19,00:00,23.59,Arnulf,1056,115,1171,6.8,9.9,2.3,96,2.2,
50,2024-02-20,00:00,23.59,Arnulf,1009,100,1109,4.5,8.3,1.0,94,2.0,
51,2024-02-21,00:00,23.59,Arnulf,1408,118,1526,4.0,13.7,0.6,95,7.7,
52,2024-02-22,00:00,23.59,Arnulf,881,71,952,7.9,11.5,11.1,98,0.0,
53,2024-02-23,00:00,23.59,Arnulf,821,95,916,2.8,7.8,0.0,89,0.1,
54,2024-02-24,00:00,23.59,Arnulf,670,59,729,-0.3,8.7,0.0,71,6.5,
55,2024-02-25,00:00,23.59,Arnulf,625,54,679,3.4,11.9,0.0,49,8.1,
56,2024-02-26,00:00,23.59,Arnulf,1184,106,1290,1.5,12.9,0.0,96,3.9,
57,2024-02-27,00:00,23.59,Arnulf,1322,93,1415,3.0,8.0,0.0,99,1.1,
58,2024-02-28,00:00,23.59,Arnulf,1260,87,1347,4.5,6.4,0.0,99,0.0,
59,2024-02-29,00:00,23.59,Arnulf,1321,102,1423,2.8,9.4,0.0,66,3.1,
60,2024-03-01,00:00,23.59,Arnulf,971,94,1065,1.3,8.6,0.5,91,0.0,
61,2024-03-02,00:00,23.59,Arnulf,784,58,842,4.3,13.0,0.0,78,8.7,
62,2024-03-03,00:00,23.59,Arnulf,831,56,887,2.0,18.9,0.0,93,8.4,
63,2024-03-04,00:00,23.59,Arnulf,1196,109,1305,4.5,9.6,0.0,86,0.0,
64,2024-03-05,00:00,23.59,Arnulf,1201,95,1296,5.4,9.7,7.5,100,0.0,
65,2024-03-06,00:00,23.59,Arnulf,750,83,833,3.2,5.8,6.3,99,0.0,
66,2024-03-07,00:00,23.59,Arnulf,1383,107,1490,0.9,6.8,0.0,78,0.3,
67,2024-03-08,00:00,23.59,Arnulf,1133,94,1227,-0.4,9.9,0.0,25,8.8,
68,2024-03-09,00:00,23.59,Arnulf,905,67,972,-0.2,16.1,0.0,71,8.8,
69,2024-03-10,00:00,23.59,Arnulf,686,54,740,5.7,18.8,0.1,95,2.7,
70,2024-03-11,00:00,23.59,Arnulf,1336,123,1459,2.4,13.0,0.0,71,6.9,
71,2024-03-12,00:00,23.59,Arnulf,1260,106,1366,5.8,10.2,2.3,94,1.2,
72,2024-03-13,00:00,23.59,Arnulf,830,84,914,4.3,10.7,0.3,98,0.2,
73,2024-03-14,00:00,23.59,Arnulf,615,125,740,5.8,16.5,0.0,98,8.1,
74,2024-03-15,00:00,23.59,Arnulf,621,121,742,8.4,17.5,1.8,95,5.3,
75,2024-03-16,00:00,23.59,Arnulf,315,54,369,7.5,13.4,2.3,90,2.8,
76,2024-03-17,00:00,23.59,Arnulf,343,71,414,6.6,14.1,0.0,94,3.4,
77,2024-03-18,00:00,23.59,Arnulf,525,88,613,7.5,11.6,9.7,98,0.0,
78,2024-03-19,00:00,23.59,Arnulf,672,111,783,7.1,15.0,0.0,86,5.7,
79,2024-03-20,00:00,23.59,Arnulf,775,147,922,3.3,17.3,0.0,93,10.3,
80,2024-03-21,00:00,23.59,Arnulf,540,105,645,7.3,14.7,5.5,93,2.1,
81,2024-03-22,00:00,23.59,Arnulf,606,111,717,6.4,17.8,0.0,96,9.3,
82,2024-03-23,00:00,23.59,Arnulf,206,36,242,3.0,14.5,9.3,74,2.1,
83,2024-03-24,00:00,23.59,Arnulf,157,38,195,1.9,6.1,3.3,93,2.7,
84,2024-03-25,00:00,23.59,Arnulf,606,105,711,2.4,11.6,0.0,68,9.8,
85,2024-03-26,00:00,23.59,Arnulf,684,136,820,0.9,15.4,0.0,85,8.3,
86,2024-03-27,00:00,23.59,Arnulf,585,88,673,4.0,22.2,6.6,96,4.2,
87,2024-03-28,00:00,23.59,Arnulf,455,64,519,3.2,12.0,1.4,51,4.2,
88,2024-03-29,00:00,23.59,Arnulf,349,65,414,3.8,23.0,0.0,84,7.3,
89,2024-03-30,00:00,23.59,Arnulf,402,78,480,11.1,24.0,0.0,80,7.3,
90,2024-03-31,00:00,23.59,Arnulf,282,54,336,7.6,22.5,0.0,88,4.7,
91,2024-04-01,00:00,23.59,Arnulf,226,33,259,7.7,16.4,0.7,99,0.0,
92,2024-04-02,00:00,23.59,Arnulf,570,94,664,7.3,13.4,0.0,63,7.2,
93,2024-04-03,00:00,23.59,Arnulf,573,91,664,5.2,14.0,2.9,81,1.4,
94,2024-04-04,00:00,23.59,Arnulf,616,103,719,10.4,17.6,3.7,93,3.9,
95,2024-04-05,00:00,23.59,Arnulf,646,129,775,10.4,24.5,0.0,95,6.9,
96,2024-04-06,00:00,23.59,Arnulf,726,110,836,12.6,27.1,0.0,81,11.5,
97,2024-04-07,00:00,23.59,Arnulf,637,79,716,12.0,26.5,0.0,85,6.7,
98,2024-04-08,00:00,23.59,Arnulf,1172,139,1311,13.2,28.9,0.0,38,8.5,
99,2024-04-09,00:00,23.59,Arnulf,1294,117,1411,5.9,21.1,3.6,81,0.9,
100,2024-04-10,00:00,23.59,Arnulf,1163,88,1251,4.9,11.9,0.0,86,2.4,
101,2024-04-11,00:00,23.59,Arnulf,1675,143,1818,3.4,15.6,0.0,13,10.4,
102,2024-04-12,00:00,23.59,Arnulf,1704,111,1815,5.9,20.0,0.0,56,12.3,
103,2024-04-13,00:00,23.59,Arnulf,1750,123,1873,8.0,25.0,0.0,81,11.2,
104,2024-04-14,00:00,23.59,Arnulf,1535,139,1674,9.7,25.6,0.4,94,12.0,
105,2024-04-15,00:00,23.59,Arnulf,895,73,968,5.4,16.1,9.5,94,1.9,
106,2024-04-16,00:00,23.59,Arnulf,1098,94,1192,2.7,11.4,8.9,84,4.2,
107,2024-04-17,00:00,23.59,Arnulf,706,77,783,1.1,9.4,4.9,94,1.5,
108,2024-04-18,00:00,23.59,Arnulf,796,69,865,0.9,8.4,4.2,90,3.2,
109,2024-04-19,00:00,23.59,Arnulf,686,66,752,2.5,7.1,2.0,96,1.1,
110,2024-04-20,00:00,23.59,Arnulf,448,35,483,2.5,8.3,1.4,94,3.1,
111,2024-04-21,00:00,23.59,Arnulf,305,26,331,0.5,6.3,7.7,96,0.7,
112,2024-04-22,00:00,23.59,Arnulf,900,76,976,0.4,6.8,0.1,96,0.6,
113,2024-04-23,00:00,23.59,Arnulf,813,71,884,1.3,3.6,0.7,94,0.0,
114,2024-04-24,00:00,23.59,Arnulf,1026,92,1118,2.0,9.3,1.0,88,3.1,
115,2024-04-25,00:00,23.59,Arnulf,1181,84,1265,2.0,10.1,0.0,83,5.0,
116,2024-04-26,00:00,23.59,Arnulf,1267,87,1354,0.7,17.3,0.0,54,10.0,
117,2024-04-27,00:00,23.59,Arnulf,1556,110,1666,3.6,21.5,0.0,36,12.5,
118,2024-04-28,00:00,23.59,Arnulf,1420,112,1532,10.8,24.9,0.0,95,7.0,
119,2024-04-29,00:00,23.59,Arnulf,1838,90,1928,7.9,22.8,0.0,80,12.9,
120,2024-04-30,00:00,23.59,Arnulf,2307,144,2451,10.1,28.3,0.0,40,11.5,
121,2024-05-01,00:00,23.59,Arnulf,1491,76,1567,9.7,25.1,0.0,55,12.2,
122,2024-05-02,00:00,23.59,Arnulf,1651,100,1751,10.9,24.1,1.0,80,3.9,
123,2024-05-03,00:00,23.59,Arnulf,1074,97,1171,9.1,12.6,0.7,98,0.0,
124,2024-05-04,00:00,23.59,Arnulf,1379,91,1470,7.1,19.4,0.0,78,11.2,
125,2024-05-05,00:00,23.59,Arnulf,1109,107,1216,10.2,21.0,0.6,99,6.7,
126,2024-05-06,00:00,23.59,Arnulf,1219,81,1300,9.2,22.7,24.9,86,8.0,
127,2024-05-07,00:00,23.59,Arnulf,1350,87,1437,10.7,16.9,3.5,100,0.3,
128,2024-05-08,00:00,23.59,Arnulf,770,62,832,9.3,10.8,6.2,98,0.0,
129,2024-05-09,00:00,23.59,Arnulf,1142,68,1210,7.3,17.6,0.0,63,6.6,
130,2024-05-10,00:00,23.59,Arnulf,1557,105,1662,5.9,20.4,0.0,43,13.8,
131,2024-05-11,00:00,23.59,Arnulf,1359,53,1412,6.9,21.8,0.0,73,14.1,
132,2024-05-12,00:00,23.59,Arnulf,1326,78,1404,7.8,23.1,0.0,13,14.4,
133,2024-05-13,00:00,23.59,Arnulf,1876,125,2001,9.2,23.4,0.0,24,11.1,
134,2024-05-14,00:00,23.59,Arnulf,2112,121,2233,9.7,24.2,0.0,9,14.5,
135,2024-05-15,00:00,23.59,Arnulf,1718,83,1801,10.2,23.7,2.0,98,7.4,
136,2024-05-16,00:00,23.59,Arnulf,1743,136,1879,13.0,24.1,4.0,86,8.2,
137,2024-05-17,00:00,23.59,Arnulf,1123,83,1206,9.8,15.5,0.0,100,1.2,
138,2024-05-18,00:00,23.59,Arnulf,1264,93,1357,10.7,22.4,10.2,71,9.7,
139,2024-05-19,00:00,23.59,Arnulf,1014,81,1095,11.2,21.7,2.6,73,10.6,
140,2024-05-20,00:00,23.59,Arnulf,1133,83,1216,9.7,24.0,0.6,51,14.0,
141,2024-05-21,00:00,23.59,Arnulf,971,63,1034,12.2,22.7,5.8,99,0.1,
142,2024-05-22,00:00,23.59,Arnulf,1320,92,1412,11.8,19.7,1.3,85,5.3,
143,2024-05-23,00:00,23.59,Arnulf,1090,82,1172,9.3,21.3,16.8,86,4.6,
144,2024-05-24,00:00,23.59,Arnulf,1117,74,1191,8.8,19.1,8.7,88,8.0,
145,2024-05-25,00:00,23.59,Arnulf,954,65,1019,9.2,20.0,0.0,86,4.8,
146,2024-05-26,00:00,23.59,Arnulf,1201,90,1291,9.7,23.4,0.0,55,10.9,
147,2024-05-27,00:00,23.59,Arnulf,1302,88,1390,13.3,22.7,25.0,94,6.7,
148,2024-05-28,00:00,23.59,Arnulf,1041,85,1126,10.5,16.7,0.0,84,3.4,
149,2024-05-29,00:00,23.59,Arnulf,1387,86,1473,9.5,22.1,7.8,96,7.5,
150,2024-05-30,00:00,23.59,Arnulf,561,52,613,12.5,20.8,16.6,96,3.8,
151,2024-05-31,00:00,23.59,Arnulf,312,38,350,9.5,12.6,66.9,96,0.0,
152,2024-06-01,00:00,23.59,Arnulf,184,19,203,10.2,12.4,42.5,95,0.0,
153,2024-06-02,00:00,23.59,Arnulf,576,51,627,11.3,19.3,1.5,86,2.1,
154,2024-06-03,00:00,23.59,Arnulf,665,68,733,12.9,16.1,14.0,98,0.1,
155,2024-06-04,00:00,23.59,Arnulf,1850,113,1963,12.2,21.5,0.0,51,9.7,
156,2024-06-05,00:00,23.59,Arnulf,1995,107,2102,12.3,24.7,0.0,76,8.7,
157,2024-06-06,00:00,23.59,Arnulf,1983,110,2093,13.4,26.3,0.9,69,10.9,
158,2024-06-07,00:00,23.59,Arnulf,1439,92,1531,15.1,23.3,2.6,65,7.0,
159,2024-06-08,00:00,23.59,Arnulf,1218,80,1298,13.6,27.2,7.1,78,8.7,
160,2024-06-09,00:00,23.59,Arnulf,693,66,759,15.4,21.9,13.3,95,1.9,
161,2024-06-10,00:00,23.59,Arnulf,1165,81,1246,13.6,21.6,0.8,81,5.6,
162,2024-06-11,00:00,23.59,Arnulf,1413,89,1502,10.0,15.1,0.0,100,0.0,
163,2024-06-12,00:00,23.59,Arnulf,1876,102,1978,10.7,18.6,0.0,88,4.5,
164,2024-06-13,00:00,23.59,Arnulf,2029,109,2138,10.9,19.4,0.0,58,11.3,
165,2024-06-14,00:00,23.59,Arnulf,1785,92,1877,9.1,21.9,0.0,89,4.1,
166,2024-06-15,00:00,23.59,Arnulf,956,72,1028,13.3,19.3,0.1,96,2.3,
167,2024-06-16,00:00,23.59,Arnulf,1105,68,1173,13.5,23.2,0.3,83,5.4,
168,2024-06-17,00:00,23.59,Arnulf,1877,120,1997,13.6,27.6,2.9,94,7.9,
169,2024-06-18,00:00,23.59,Arnulf,2352,132,2484,14.5,30.3,0.0,70,14.1,
170,2024-06-19,00:00,23.59,Arnulf,2585,142,2727,18.3,30.0,0.0,30,14.7,
171,2024-06-20,00:00,23.59,Arnulf,1978,105,2083,16.6,26.0,0.0,71,6.7,
172,2024-06-21,00:00,23.59,Arnulf,1288,80,1368,13.6,24.3,21.0,96,2.8,
173,2024-06-22,00:00,23.59,Arnulf,1177,51,1228,12.2,23.9,18.1,76,8.7,
174,2024-06-23,00:00,23.59,Arnulf,1042,70,1112,11.9,22.2,0.0,68,5.3,
175,2024-06-24,00:00,23.59,Arnulf,2195,105,2300,15.0,26.0,0.0,20,14.0,
176,2024-06-25,00:00,23.59,Arnulf,2396,106,2502,15.9,27.7,0.0,11,15.3,
177,2024-06-26,00:00,23.59,Arnulf,1752,91,1843,16.4,27.7,9.1,85,7.4,
178,2024-06-27,00:00,23.59,Arnulf,1767,127,1894,16.3,26.7,0.0,76,7.5,
179,2024-06-28,00:00,23.59,Arnulf,1892,96,1988,19.9,30.0,0.0,63,12.4,
180,2024-06-29,00:00,23.59,Arnulf,1483,68,1551,18.6,33.7,0.0,55,10.1,
181,2024-06-30,00:00,23.59,Arnulf,1001,56,1057,16.3,25.5,0.1,98,2.1,
182,2024-07-01,00:00,23.59,Arnulf,1575,97,1672,14.3,23.7,8.3,95,5.1,
183,2024-07-02,00:00,23.59,Arnulf,1889,102,1991,12.4,19.5,3.5,94,2.5,
184,2024-07-03,00:00,23.59,Arnulf,926,64,990,11.3,18.0,7.0,98,1.9,
185,2024-07-04,00:00,23.59,Arnulf,1776,96,1872,11.4,22.3,0.6,96,4.6,
186,2024-07-05,00:00,23.59,Arnulf,1845,84,1929,14.7,25.3,0.0,90,10.8,
187,2024-07-06,00:00,23.59,Arnulf,1044,51,1095,15.7,32.0,17.6,73,9.2,
188,2024-07-07,00:00,23.59,Arnulf,471,32,503,12.9,16.6,6.7,100,0.0,
189,2024-07-08,00:00,23.59,Arnulf,1701,106,1807,15.5,24.0,0.3,66,7.7,
190,2024-07-09,00:00,23.59,Arnulf,2421,105,2526,14.6,30.5,0.5,50,13.7,
191,2024-07-10,00:00,23.59,Arnulf,1867,122,1989,19.6,29.0,1.6,71,8.2,
192,2024-07-11,00:00,23.59,Arnulf,2058,116,2174,18.4,27.9,0.7,81,6.0,
193,2024-07-12,00:00,23.59,Arnulf,1403,70,1473,16.5,26.6,6.3,98,6.4,
194,2024-07-13,00:00,23.59,Arnulf,1192,54,1246,15.9,20.0,0.0,96,2.7,
195,2024-07-14,00:00,23.59,Arnulf,1424,67,1491,15.1,27.3,0.0,85,8.3,
196,2024-07-15,00:00,23.59,Arnulf,2284,114,2398,15.4,31.5,12.8,73,14.0,
197,2024-07-16,00:00,23.59,Arnulf,1706,89,1795,17.8,26.5,0.7,50,2.4,
198,2024-07-17,00:00,23.59,Arnulf,2220,119,2339,16.0,22.6,0.0,89,0.6,
199,2024-07-18,00:00,23.59,Arnulf,2318,131,2449,15.0,27.4,0.0,34,13.4,
200,2024-07-19,00:00,23.59,Arnulf,2026,108,2134,17.0,30.1,0.0,71,12.1,
201,2024-07-20,00:00,23.59,Arnulf,1307,46,1353,18.0,28.7,10.9,76,6.5,
202,2024-07-21,00:00,23.59,Arnulf,1139,71,1210,16.7,30.5,6.9,44,10.7,
203,2024-07-22,00:00,23.59,Arnulf,1602,93,1695,17.3,25.3,3.6,80,4.6,
204,2024-07-23,00:00,23.59,Arnulf,2092,90,2182,16.1,25.6,6.5,85,6.8,
205,2024-07-24,00:00,23.59,Arnulf,2141,105,2246,16.2,23.5,0.0,63,9.7,
206,2024-07-25,00:00,23.59,Arnulf,2405,137,2542,13.9,25.8,0.0,54,12.5,
207,2024-07-26,00:00,23.59,Arnulf,1995,95,2090,14.2,28.1,0.0,88,14.1,
208,2024-07-27,00:00,23.59,Arnulf,1420,77,1497,17.0,31.9,6.4,64,12.4,
209,2024-07-28,00:00,23.59,Arnulf,940,44,984,14.0,24.1,3.4,58,7.1,
210,2024-07-29,00:00,23.59,Arnulf,2233,113,2346,12.5,26.7,0.0,0,14.7,
211,2024-07-30,00:00,23.59,Arnulf,2477,158,2635,13.0,30.3,0.0,25,14.3,
212,2024-07-31,00:00,23.59,Arnulf,2377,150,2527,17.8,33.3,5.0,31,12.1,
213,2024-08-01,00:00,23.59,Arnulf,2110,134,2244,18.0,28.4,3.2,75,9.2,
214,2024-08-02,00:00,23.59,Arnulf,1527,99,1626,17.9,24.6,21.7,76,6.2,
215,2024-08-03,00:00,23.59,Arnulf,1284,55,1339,15.9,26.5,4.4,90,6.5,
216,2024-08-04,00:00,23.59,Arnulf,1313,82,1395,16.8,25.1,0.0,94,6.8,
217,2024-08-05,00:00,23.59,Arnulf,1873,91,1964,15.9,24.8,0.2,78,6.5,
218,2024-08-06,00:00,23.59,Arnulf,2226,84,2310,14.6,29.0,0.0,16,14.3,
219,2024-08-07,00:00,23.59,Arnulf,1954,89,2043,17.8,27.9,4.4,60,8.0,
220,2024-08-08,00:00,23.59,Arnulf,1505,114,1619,16.6,24.5,4.8,85,2.8,
221,2024-08-09,00:00,23.59,Arnulf,1824,98,1922,14.4,27.7,0.0,73,12.6,
222,2024-08-10,00:00,23.59,Arnulf,1513,69,1582,19.1,29.3,0.0,36,11.8,
223,2024-08-11,00:00,23.59,Arnulf,1257,81,1338,17.0,31.3,0.0,26,13.8,
224,2024-08-12,00:00,23.59,Arnulf,1856,106,1962,18.4,31.7,0.0,79,11.0,
225,2024-08-13,00:00,23.59,Arnulf,1732,108,1840,18.9,32.6,1.2,35,10.9,
226,2024-08-14,00:00,23.59,Arnulf,1572,95,1667,17.1,31.0,4.1,53,10.9,
227,2024-08-15,00:00,23.59,Arnulf,1295,75,1370,16.7,28.2,0.0,51,13.1,
228,2024-08-16,00:00,23.59,Arnulf,1538,91,1629,19.0,29.8,0.5,69,9.3,
229,2024-08-17,00:00,23.59,Arnulf,1084,64,1148,19.1,26.1,2.4,90,5.1,
230,2024-08-18,00:00,23.59,Arnulf,432,38,470,16.3,21.9,54.5,96,0.3,
231,2024-08-19,00:00,23.59,Arnulf,632,54,686,14.6,17.0,5.7,98,0.0,
232,2024-08-20,00:00,23.59,Arnulf,1498,80,1578,15.7,20.1,0.0,78,1.0,
233,2024-08-21,00:00,23.59,Arnulf,1540,90,1630,12.5,22.2,0.4,88,4.6,
234,2024-08-22,00:00,23.59,Arnulf,1741,105,1846,11.2,24.4,0.0,69,12.3,
235,2024-08-23,00:00,23.59,Arnulf,1616,92,1708,13.8,29.5,0.0,48,12.5,
236,2024-08-24,00:00,23.59,Arnulf,1360,70,1430,14.8,31.4,0.0,19,13.1,
237,2024-08-25,00:00,23.59,Arnulf,507,44,551,11.7,23.6,6.7,88,1.0,
238,2024-08-26,00:00,23.59,Arnulf,1091,76,1167,12.3,16.3,0.6,98,0.0,
239,2024-08-27,00:00,23.59,Arnulf,1571,81,1652,12.9,24.6,0.0,63,6.3,
240,2024-08-28,00:00,23.59,Arnulf,1811,98,1909,11.9,31.5,0.0,45,12.9,
241,2024-08-29,00:00,23.59,Arnulf,1875,92,1967,15.6,31.2,0.0,5,12.9,
242,2024-08-30,00:00,23.59,Arnulf,1590,76,1666,15.2,30.8,0.0,38,12.7,
243,2024-08-31,00:00,23.59,Arnulf,1371,67,1438,15.7,30.0,0.0,75,11.4,
244,2024-09-01,00:00,23.59,Arnulf,1256,78,1334,17.4,29.5,0.0,73,9.4,
245,2024-09-02,00:00,23.59,Arnulf,1707,93,1800,18.4,27.2,0.0,69,8.2,
246,2024-09-03,00:00,23.59,Arnulf,1964,83,2047,16.8,28.9,0.0,49,11.0,
247,2024-09-04,00:00,23.59,Arnulf,1640,68,1708,17.8,28.6,6.1,84,7.5,
248,2024-09-05,00:00,23.59,Arnulf,1863,72,1935,16.3,30.1,0.0,61,9.3,
249,2024-09-06,00:00,23.59,Arnulf,1543,79,1622,16.5,24.4,0.0,75,4.7,
250,2024-09-07,00:00,23.59,Arnulf,1464,47,1511,14.5,27.9,0.0,6,12.4,
251,2024-09-08,00:00,23.59,Arnulf,891,52,943,13.9,25.3,20.4,61,4.8,
252,2024-09-09,00:00,23.59,Arnulf,897,71,968,13.8,18.6,2.9,86,1.3,
253,2024-09-10,00:00,23.59,Arnulf,1460,82,1542,12.9,18.6,0.0,79,2.8,
254,2024-09-11,00:00,23.59,Arnulf,1356,91,1447,8.2,18.8,9.1,83,5.3,
255,2024-09-12,00:00,23.59,Arnulf,1230,73,1303,7.4,11.8,4.0,98,0.0,
256,2024-09-13,00:00,23.59,Arnulf,661,56,717,6.7,9.9,31.6,95,0.0,
257,2024-09-14,00:00,23.59,Arnulf,220,11,231,6.0,8.5,28.9,98,0.0,
258,2024-09-15,00:00,23.59,Arnulf,527,44,571,6.9,13.5,12.2,94,3.1,
259,2024-09-16,00:00,23.59,Arnulf,528,48,576,8.3,9.9,41.3,94,0.0,
260,2024-09-17,00:00,23.59,Arnulf,1099,68,1167,8.5,16.9,1.0,68,5.5,
261,2024-09-18,00:00,23.59,Arnulf,1504,83,1587,8.5,21.1,0.0,35,8.2,
262,2024-09-19,00:00,23.59,Arnulf,1721,107,1828,10.5,21.0,0.0,3,11.5,
263,2024-09-20,00:00,23.59,Arnulf,1596,116,1712,8.6,21.9,0.0,11,11.8,
264,2024-09-21,00:00,23.59,Arnulf,1458,83,1541,8.5,23.3,0.0,14,11.7,
265,2024-09-22,00:00,23.59,Arnulf,1336,94,1430,8.9,22.8,0.0,75,8.6,
266,2024-09-23,00:00,23.59,Arnulf,1752,134,1886,12.1,22.4,21.5,81,5.2,
267,2024-09-24,00:00,23.59,Arnulf,1697,97,1794,11.6,19.4,0.0,63,8.4,
268,2024-09-25,00:00,23.59,Arnulf,1866,137,2003,11.6,21.6,0.3,73,8.6,
269,2024-09-26,00:00,23.59,Arnulf,1246,79,1325,13.9,20.8,8.1,95,0.0,
270,2024-09-27,00:00,23.59,Arnulf,1074,103,1177,10.9,19.1,7.6,81,0.8,
271,2024-09-28,00:00,23.59,Arnulf,665,94,759,7.6,13.5,2.8,93,0.7,
272,2024-09-29,00:00,23.59,Arnulf,1115,105,1220,5.2,14.3,0.0,64,8.2,
273,2024-09-30,00:00,23.59,Arnulf,1243,112,1355,7.0,18.4,2.1,96,3.0,
274,2024-10-01,00:00,23.59,Arnulf,1440,101,1541,11.8,17.3,6.6,96,3.4,
275,2024-10-02,00:00,23.59,Arnulf,1283,93,1376,6.4,14.9,0.5,70,3.1,
276,2024-10-03,00:00,23.59,Arnulf,628,71,699,4.6,11.2,3.7,80,0.0,
277,2024-10-04,00:00,23.59,Arnulf,545,57,602,7.5,10.0,8.3,98,0.0,
278,2024-10-05,00:00,23.59,Arnulf,528,63,591,6.5,10.1,3.0,94,0.1,
279,2024-10-06,00:00,23.59,Arnulf,844,81,925,7.3,14.6,2.2,88,6.1,
280,2024-10-07,00:00,23.59,Arnulf,1435,115,1550,9.7,23.3,0.0,66,8.0,
281,2024-10-08,00:00,23.59,Arnulf,1348,91,1439,10.7,20.3,12.2,93,3.9,
282,2024-10-09,00:00,23.59,Arnulf,1593,97,1690,9.6,21.3,0.0,60,9.0,
283,2024-10-10,00:00,23.59,Arnulf,950,67,1017,10.7,17.7,4.2,94,0.2,
284,2024-10-11,00:00,23.59,Arnulf,991,84,1075,6.3,12.5,0.4,80,1.1,
285,2024-10-12,00:00,23.59,Arnulf,998,101,1099,4.9,15.2,0.0,73,4.0,
286,2024-10-13,00:00,23.59,Arnulf,601,85,686,8.0,15.5,1.5,95,0.7,
287,2024-10-14,00:00,23.59,Arnulf,1315,90,1405,6.5,18.3,2.1,86,2.1,
288,2024-10-15,00:00,23.59,Arnulf,1465,81,1546,10.7,14.7,0.0,99,0.0,
289,2024-10-16,00:00,23.59,Arnulf,1474,87,1561,9.2,17.2,0.0,98,2.7,
290,2024-10-17,00:00,23.59,Arnulf,1697,95,1792,8.2,21.5,0.0,79,9.4,
291,2024-10-18,00:00,23.59,Arnulf,1141,78,1219,9.0,15.2,0.4,88,1.7,
292,2024-10-19,00:00,23.59,Arnulf,926,51,977,8.8,18.4,0.0,95,5.0,
293,2024-10-20,00:00,23.59,Arnulf,713,67,780,10.5,14.9,0.0,99,0.0,
294,2024-10-21,00:00,23.59,Arnulf,1595,95,1690,9.9,18.6,0.0,85,9.7,
295,2024-10-22,00:00,23.59,Arnulf,1527,98,1625,8.9,19.8,2.1,89,1.2,
296,2024-10-23,00:00,23.59,Arnulf,951,73,1024,10.6,12.8,5.5,99,0.0,
297,2024-10-24,00:00,23.59,Arnulf,1423,92,1515,10.3,13.0,0.0,100,0.0,
298,2024-10-25,00:00,23.59,Arnulf,1148,86,1234,10.2,14.2,0.0,100,1.0,
299,2024-10-26,00:00,23.59,Arnulf,751,44,795,9.2,12.0,0.0,100,0.0,
300,2024-10-27,00:00,23.59,Arnulf,720,59,779,9.2,14.6,0.0,88,5.0,
301,2024-10-28,00:00,23.59,Arnulf,1231,64,1295,8.1,15.3,0.0,65,6.0,
302,2024-10-29,00:00,23.59,Arnulf,1407,87,1494,7.2,17.2,0.1,58,9.1,
303,2024-10-30,00:00,23.59,Arnulf,1284,83,1367,8.3,15.4,0.0,83,4.6,
304,2024-10-31,00:00,23.59,Arnulf,1140,81,1221,9.8,11.5,0.0,100,0.0,
305,2024-11-01,00:00,23.59,Arnulf,720,55,775,5.8,17.0,0.1,54,7.5,
306,2024-11-02,00:00,23.59,Arnulf,669,48,717,5.7,9.1,0.1,99,0.0,
307,2024-11-03,00:00,23.59,Arnulf,495,48,543,7.1,8.7,0.0,100,0.0,
308,2024-11-04,00:00,23.59,Arnulf,1223,87,1310,3.9,9.2,0.0,88,1.3,
309,2024-11-05,00:00,23.59,Arnulf,1328,74,1402,3.2,10.8,0.0,100,3.8,
310,2024-11-06,00:00,23.59,Arnulf,1287,71,1358,2.7,8.6,0.1,83,2.9,
311,2024-11-07,00:00,23.59,Arnulf,1247,84,1331,5.4,7.2,0.1,100,0.0,
312,2024-11-08,00:00,23.59,Arnulf,1010,66,1076,3.8,6.0,0.0,100,0.0,
313,2024-11-09,00:00,23.59,Arnulf,698,46,744,3.3,7.5,0.0,99,2.1,
314,2024-11-10,00:00,23.59,Arnulf,528,41,569,2.5,5.1,0.0,100,0.0,
315,2024-11-11,00:00,23.59,Arnulf,1116,81,1197,1.5,5.3,0.0,100,0.2,
316,2024-11-12,00:00,23.59,Arnulf,1131,91,1222,1.7,4.1,0.0,100,0.0,
317,2024-11-13,00:00,23.59,Arnulf,1069,81,1150,0.5,2.2,0.6,98,0.0,
318,2024-11-14,00:00,23.59,Arnulf,1167,82,1249,0.9,6.6,0.3,86,4.2,
319,2024-11-15,00:00,23.59,Arnulf,980,70,1050,0.3,6.9,0.0,79,0.1,
320,2024-11-16,00:00,23.59,Arnulf,650,27,677,-1.4,11.1,0.0,25,8.9,
321,2024-11-17,00:00,23.59,Arnulf,430,32,462,-1.2,9.7,4.5,91,3.8,
322,2024-11-18,00:00,23.59,Arnulf,1014,81,1095,3.8,9.9,0.8,93,2.7,
323,2024-11-19,00:00,23.59,Arnulf,1033,74,1107,6.5,12.5,12.9,98,1.0,
324,2024-11-20,00:00,23.59,Arnulf,727,60,787,0.4,9.7,2.3,75,5.0,
325,2024-11-21,00:00,23.59,Arnulf,889,56,945,-1.2,3.7,6.3,95,1.2,
326,2024-11-22,00:00,23.59,Arnulf,352,28,380,-2.2,1.4,0.2,78,5.5,
327,2024-11-23,00:00,23.59,Arnulf,371,15,386,0.7,6.3,0.0,93,5.6,
328,2024-11-24,00:00,23.59,Arnulf,492,29,521,3.1,15.4,0.1,84,4.7,
329,2024-11-25,00:00,23.59,Arnulf,1218,82,1300,2.0,16.5,2.3,36,8.2,
330,2024-11-26,00:00,23.59,Arnulf,1153,92,1245,5.5,11.2,0.0,88,2.4,
331,2024-11-27,00:00,23.59,Arnulf,1290,93,1383,3.2,12.2,3.8,83,4.8,
332,2024-11-28,00:00,23.59,Arnulf,722,55,777,3.7,11.7,5.5,95,0.0,
333,2024-11-29,00:00,23.59,Arnulf,918,69,987,-0.2,6.2,0.0,58,2.3,
334,2024-11-30,00:00,23.59,Arnulf,571,38,609,-2.0,5.5,0.0,10,6.7,
335,2024-12-01,00:00,23.59,Arnulf,422,57,479,-3.3,-0.1,0.0,95,0.2,
336,2024-12-02,00:00,23.59,Arnulf,945,63,1008,-3.5,7.3,5.9,88,0.5,
337,2024-12-03,00:00,23.59,Arnulf,897,64,961,3.5,7.3,2.5,90,2.5,
338,2024-12-04,00:00,23.59,Arnulf,1002,70,1072,-0.1,3.7,0.0,89,0.0,
339,2024-12-05,00:00,23.59,Arnulf,1011,88,1099,-1.2,5.1,2.9,68,6.5,
340,2024-12-06,00:00,23.59,Arnulf,549,46,595,3.5,8.8,4.9,95,0.4,
341,2024-12-07,00:00,23.59,Arnulf,356,32,388,2.0,7.2,2.4,98,0.5,
342,2024-12-08,00:00,23.59,Arnulf,308,36,344,2.6,6.3,6.1,95,0.7,
343,2024-12-09,00:00,23.59,Arnulf,721,59,780,0.2,3.0,3.6,96,0.0,
344,2024-12-10,00:00,23.59,Arnulf,857,65,922,0.3,2.3,0.1,96,0.0,
345,2024-12-11,00:00,23.59,Arnulf,968,84,1052,1.2,2.5,0.0,99,0.0,
346,2024-12-12,00:00,23.59,Arnulf,962,78,1040,0.3,2.1,0.0,100,0.0,
347,2024-12-13,00:00,23.59,Arnulf,773,62,835,-0.7,1.2,0.0,100,0.0,
348,2024-12-14,00:00,23.59,Arnulf,405,29,434,-1.3,4.4,0.0,100,0.0,
349,2024-12-15,00:00,23.59,Arnulf,353,38,391,1.6,5.2,0.2,91,2.3,
350,2024-12-16,00:00,23.59,Arnulf,984,70,1054,4.8,11.8,0.0,54,3.8,
351,2024-12-17,00:00,23.59,Arnulf,1151,88,1239,2.2,8.8,0.0,90,5.1,
352,2024-12-18,00:00,23.59,Arnulf,1179,87,1266,2.3,12.6,0.0,99,1.2,
353,2024-12-19,00:00,23.59,Arnulf,997,80,1077,3.2,12.6,4.7,93,0.2,
354,2024-12-20,00:00,23.59,Arnulf,671,55,726,0.8,3.3,0.4,88,0.0,
355,2024-12-21,00:00,23.59,Arnulf,417,40,457,0.1,6.9,5.0,71,3.5,
356,2024-12-22,00:00,23.59,Arnulf,149,22,171,0.0,6.5,12.8,80,0.6,
357,2024-12-23,00:00,23.59,Arnulf,363,27,390,0.1,3.1,1.0,91,3.3,
358,2024-12-24,00:00,23.59,Arnulf,169,22,191,-1.1,2.4,0.1,91,0.0,
359,2024-12-25,00:00,23.59,Arnulf,147,17,164,-2.9,4.6,0.0,14,8.0,
360,2024-12-26,00:00,23.59,Arnulf,147,14,161,-4.4,-0.4,0.0,81,2.2,
361,2024-12-27,00:00,23.59,Arnulf,301,36,337,-5.0,-2.1,0.0,96,0.0,
362,2024-12-28,00:00,23.59,Arnulf,265,23,288,-4.2,2.0,0.0,43,6.2,
363,2024-12-29,00:00,23.59,Arnulf,245,32,277,-5.1,5.9,0.0,14,8.1,
364,2024-12-30,00:00,23.59,Arnulf,338,30,368,-3.8,-1.7,0.0,100,0.1,
365,2024-12-31,00:00,23.59,Arnulf,211,28,239,-4.3,2.9,0.0,49,6.9,
366,2024-01-01,00:00,23.59,Erhardt,493,461,954,3.3,7.1,0.0,76,5.2,
367,2024-01-02,00:00,23.59,Erhardt,687,687,1374,3.0,11.1,1.0,94,0.0,
368,2024-01-03,00:00,23.59,Erhardt,953,928,1881,7.1,13.0,1.6,74,3.8,
369,2024-01-04,00:00,23.59,Erhardt,904,971,1875,4.3,9.1,0.0,91,1.5,
370,2024-01-05,00:00,23.59,Erhardt,924,880,1804,2.2,8.6,12.7,95,0.0,
371,2024-01-06,00:00,23.59,Erhardt,366,364,730,0.4,5.0,15.3,96,0.0,
372,2024-01-07,00:00,23.59,Erhardt,182,206,388,-4.0,0.5,7.3,94,0.0,
373,2024-01-08,00:00,23.59,Erhardt,527,568,1095,-5.7,-2.9,0.0,94,0.0,
374,2024-01-09,00:00,23.59,Erhardt,508,537,1045,-7.9,-4.5,0.0,53,4.0,
375,2024-01-10,00:00,23.59,Erhardt,493,535,1028,-6.8,-3.4,0.0,95,4.5,
376,2024-01-11,00:00,23.59,Erhardt,512,546,1058,-7.1,-4.7,0.0,100,0.0,
377,2024-01-12,00:00,23.59,Erhardt,593,585,1178,-5.8,-2.6,0.0,68,6.5,
378,2024-01-13,00:00,23.59,Erhardt,294,330,624,-6.9,-3.7,0.0,99,0.0,
379,2024-01-14,00:00,23.59,Erhardt,364,359,723,-5.4,1.0,0.0,85,6.9,
380,2024-01-15,00:00,23.59,Erhardt,804,832,1636,-2.9,1.8,1.7,75,1.5,
381,2024-01-16,00:00,23.59,Erhardt,726,770,1496,-5.3,0.6,1.7,81,2.0,
382,2024-01-17,00:00,23.59,Erhardt,507,524,1031,-5.2,8.8,9.7,96,0.0,
383,2024-01-18,00:00,23.59,Erhardt,891,865,1756,-1.8,11.3,3.6,95,1.0,
384,2024-01-19,00:00,23.59,Erhardt,598,687,1285,-5.4,-0.3,0.0,59,2.4,
385,2024-01-20,00:00,23.59,Erhardt,334,356,690,-8.6,1.5,0.0,8,8.8,
386,2024-01-21,00:00,23.59,Erhardt,364,359,723,-7.9,4.8,0.0,56,7.3,
387,2024-01-22,00:00,23.59,Erhardt,934,944,1878,-2.7,10.8,5.3,88,0.4,
388,2024-01-23,00:00,23.59,Erhardt,1199,1143,2342,3.3,7.5,2.2,79,2.1,
389,2024-01-24,00:00,23.59,Erhardt,1270,1200,2470,6.0,14.2,3.0,98,0.5,
390,2024-01-25,00:00,23.59,Erhardt,1557,1541,3098,6.5,9.6,0.5,93,3.7,
391,2024-01-26,00:00,23.59,Erhardt,1070,1075,2145,2.7,11.9,5.4,88,0.5,
392,2024-01-27,00:00,23.59,Erhardt,1311,1229,2540,0.1,6.8,0.0,14,8.9,
393,2024-01-28,00:00,23.59,Erhardt,1457,1259,2716,-1.8,10.3,0.0,9,9.1,
394,2024-01-29,00:00,23.59,Erhardt,1680,1585,3265,-2.6,12.4,0.0,60,8.7,
395,2024-01-30,00:00,23.59,Erhardt,2045,1941,3986,-1.5,14.1,0.0,88,7.8,
396,2024-01-31,00:00,23.59,Erhardt,1986,1931,3917,2.8,11.7,0.0,68,5.4,
397,2024-02-01,00:00,23.59,Erhardt,1322,1255,2577,4.5,8.4,5.5,91,0.0,
398,2024-02-02,00:00,23.59,Erhardt,1414,1388,2802,3.9,9.2,0.1,98,0.0,
399,2024-02-03,00:00,23.59,Erhardt,1721,1562,3283,5.7,13.3,0.3,31,9.1,
400,2024-02-04,00:00,23.59,Erhardt,1167,1083,2250,5.4,11.0,0.2,99,1.5,
401,2024-02-05,00:00,23.59,Erhardt,1998,2042,4040,5.4,14.6,0.0,61,7.7,
402,2024-02-06,00:00,23.59,Erhardt,2235,2232,4467,4.3,11.8,0.0,70,9.3,
403,2024-02-07,00:00,23.59,Erhardt,1916,1938,3854,5.0,11.1,1.6,83,3.8,
404,2024-02-08,00:00,23.59,Erhardt,1625,1630,3255,6.9,13.3,0.1,99,0.6,
405,2024-02-09,00:00,23.59,Erhardt,1610,1639,3249,7.7,13.1,0.0,94,0.3,
406,2024-02-10,00:00,23.59,Erhardt,1507,1361,2868,4.8,14.5,1.7,99,0.1,
407,2024-02-11,00:00,23.59,Erhardt,743,717,1460,4.0,9.8,2.4,96,0.0,
408,2024-02-12,00:00,23.59,Erhardt,1408,1421,2829,4.4,9.5,1.4,96,1.3,
409,2024-02-13,00:00,23.59,Erhardt,1786,1726,3512,3.5,9.7,0.0,79,7.3,
410,2024-02-14,00:00,23.59,Erhardt,1672,1703,3375,3.4,13.7,0.1,99,2.5,
411,2024-02-15,00:00,23.59,Erhardt,2224,2140,4364,5.5,16.1,0.0,88,7.4,
412,2024-02-16,00:00,23.59,Erhardt,2148,2042,4190,5.1,18.0,6.1,96,5.7,
413,2024-02-17,00:00,23.59,Erhardt,1042,983,2025,7.3,11.9,1.3,86,0.8,
414,2024-02-18,00:00,23.59,Erhardt,2168,1862,4030,5.2,13.7,2.7,83,6.1,
415,2024-02-19,00:00,23.59,Erhardt,1591,1614,3205,6.8,9.9,2.3,96,2.2,
416,2024-02-20,00:00,23.59,Erhardt,1746,1698,3444,4.5,8.3,1.0,94,2.0,
417,2024-02-21,00:00,23.59,Erhardt,2286,2261,4547,4.0,13.7,0.6,95,7.7,
418,2024-02-22,00:00,23.59,Erhardt,1345,1314,2659,7.9,11.5,11.1,98,0.0,
419,2024-02-23,00:00,23.59,Erhardt,1391,1423,2814,2.8,7.8,0.0,89,0.1,
420,2024-02-24,00:00,23.59,Erhardt,1544,1453,2997,-0.3,8.7,0.0,71,6.5,
421,2024-02-25,00:00,23.59,Erhardt,2020,1817,3837,3.4,11.9,0.0,49,8.1,
422,2024-02-26,00:00,23.59,Erhardt,1959,1938,3897,1.5,12.9,0.0,96,3.9,
423,2024-02-27,00:00,23.59,Erhardt,1987,1996,3983,3.0,8.0,0.0,99,1.1,
424,2024-02-28,00:00,23.59,Erhardt,2021,1999,4020,4.5,6.4,0.0,99,0.0,
425,2024-02-29,00:00,23.59,Erhardt,2205,2197,4402,2.8,9.4,0.0,66,3.1,
426,2024-03-01,00:00,23.59,Erhardt,1661,1659,3320,1.3,8.6,0.5,91,0.0,
427,2024-03-02,00:00,23.59,Erhardt,1845,1620,3465,4.3,13.0,0.0,78,8.7,
428,2024-03-03,00:00,23.59,Erhardt,2715,2406,5121,2.0,18.9,0.0,93,8.4,
429,2024-03-04,00:00,23.59,Erhardt,2032,2055,4087,4.5,9.6,0.0,86,0.0,
430,2024-03-05,00:00,23.59,Erhardt,1947,1998,3945,5.4,9.7,7.5,100,0.0,
431,2024-03-06,00:00,23.59,Erhardt,1150,1143,2293,3.2,5.8,6.3,99,0.0,
432,2024-03-07,00:00,23.59,Erhardt,1939,1930,3869,0.9,6.8,0.0,78,0.3,
433,2024-03-08,00:00,23.59,Erhardt,2017,2000,4017,-0.4,9.9,0.0,25,8.8,
434,2024-03-09,00:00,23.59,Erhardt,2567,2302,4869,-0.2,16.1,0.0,71,8.8,
435,2024-03-10,00:00,23.59,Erhardt,1948,1864,3812,5.7,18.8,0.1,95,2.7,
436,2024-03-11,00:00,23.59,Erhardt,2236,2255,4491,2.4,13.0,0.0,71,6.9,
437,2024-03-12,00:00,23.59,Erhardt,2076,2115,4191,5.8,10.2,2.3,94,1.2,
438,2024-03-13,00:00,23.59,Erhardt,1821,1823,3644,4.3,10.7,0.3,98,0.2,
439,2024-03-14,00:00,23.59,Erhardt,2529,2461,4990,5.8,16.5,0.0,98,8.1,
440,2024-03-15,00:00,23.59,Erhardt,2073,2063,4136,8.4,17.5,1.8,95,5.3,
441,2024-03-16,00:00,23.59,Erhardt,1225,1188,2413,7.5,13.4,2.3,90,2.8,
442,2024-03-17,00:00,23.59,Erhardt,2011,1860,3871,6.6,14.1,0.0,94,3.4,
443,2024-03-18,00:00,23.59,Erhardt,1463,1499,2962,7.5,11.6,9.7,98,0.0,
444,2024-03-19,00:00,23.59,Erhardt,2491,2431,4922,7.1,15.0,0.0,86,5.7,
445,2024-03-20,00:00,23.59,Erhardt,3095,3010,6105,3.3,17.3,0.0,93,10.3,
446,2024-03-21,00:00,23.59,Erhardt,1900,1837,3737,7.3,14.7,5.5,93,2.1,
447,2024-03-22,00:00,23.59,Erhardt,2690,2463,5153,6.4,17.8,0.0,96,9.3,
448,2024-03-23,00:00,23.59,Erhardt,629,668,1297,3.0,14.5,9.3,74,2.1,
449,2024-03-24,00:00,23.59,Erhardt,576,530,1106,1.9,6.1,3.3,93,2.7,
450,2024-03-25,00:00,23.59,Erhardt,2028,1970,3998,2.4,11.6,0.0,68,9.8,
451,2024-03-26,00:00,23.59,Erhardt,2366,2336,4702,0.9,15.4,0.0,85,8.3,
452,2024-03-27,00:00,23.59,Erhardt,1803,1809,3612,4.0,22.2,6.6,96,4.2,
453,2024-03-28,00:00,23.59,Erhardt,1453,1393,2846,3.2,12.0,1.4,51,4.2,
454,2024-03-29,00:00,23.59,Erhardt,2114,1808,3922,3.8,23.0,0.0,84,7.3,
455,2024-03-30,00:00,23.59,Erhardt,2002,1704,3706,11.1,24.0,0.0,80,7.3,
456,2024-03-31,00:00,23.59,Erhardt,1538,1375,2913,7.6,22.5,0.0,88,4.7,
457,2024-04-01,00:00,23.59,Erhardt,509,545,1054,7.7,16.4,0.7,99,0.0,
458,2024-04-02,00:00,23.59,Erhardt,1842,1734,3576,7.3,13.4,0.0,63,7.2,
459,2024-04-03,00:00,23.59,Erhardt,1700,1632,3332,5.2,14.0,2.9,81,1.4,
460,2024-04-04,00:00,23.59,Erhardt,1945,1900,3845,10.4,17.6,3.7,93,3.9,
461,2024-04-05,00:00,23.59,Erhardt,2736,2575,5311,10.4,24.5,0.0,95,6.9,
462,2024-04-06,00:00,23.59,Erhardt,4347,3660,8007,12.6,27.1,0.0,81,11.5,
463,2024-04-07,00:00,23.59,Erhardt,4207,3625,7832,12.0,26.5,0.0,85,6.7,
464,2024-04-08,00:00,23.59,Erhardt,3768,3479,7247,13.2,28.9,0.0,38,8.5,
465,2024-04-09,00:00,23.59,Erhardt,2691,2705,5396,5.9,21.1,3.6,81,0.9,
466,2024-04-10,00:00,23.59,Erhardt,2143,2086,4229,4.9,11.9,0.0,86,2.4,
467,2024-04-11,00:00,23.59,Erhardt,3212,2985,6197,3.4,15.6,0.0,13,10.4,
468,2024-04-12,00:00,23.59,Erhardt,3497,3311,6808,5.9,20.0,0.0,56,12.3,
469,2024-04-13,00:00,23.59,Erhardt,4309,3527,7836,8.0,25.0,0.0,81,11.2,
470,2024-04-14,00:00,23.59,Erhardt,4531,3854,8385,9.7,25.6,0.4,94,12.0,
471,2024-04-15,00:00,23.59,Erhardt,1566,1522,3088,5.4,16.1,9.5,94,1.9,
472,2024-04-16,00:00,23.59,Erhardt,1730,1770,3500,2.7,11.4,8.9,84,4.2,
473,2024-04-17,00:00,23.59,Erhardt,1187,1137,2324,1.1,9.4,4.9,94,1.5,
474,2024-04-18,00:00,23.59,Erhardt,1318,1246,2564,0.9,8.4,4.2,90,3.2,
475,2024-04-19,00:00,23.59,Erhardt,1146,1111,2257,2.5,7.1,2.0,96,1.1,
476,2024-04-20,00:00,23.59,Erhardt,816,762,1578,2.5,8.3,1.4,94,3.1,
477,2024-04-21,00:00,23.59,Erhardt,502,547,1049,0.5,6.3,7.7,96,0.7,
478,2024-04-22,00:00,23.59,Erhardt,1585,1507,3092,0.4,6.8,0.1,96,0.6,
479,2024-04-23,00:00,23.59,Erhardt,1358,1313,2671,1.3,3.6,0.7,94,0.0,
480,2024-04-24,00:00,23.59,Erhardt,1591,1573,3164,2.0,9.3,1.0,88,3.1,
481,2024-04-25,00:00,23.59,Erhardt,1925,1868,3793,2.0,10.1,0.0,83,5.0,
482,2024-04-26,00:00,23.59,Erhardt,2512,2326,4838,0.7,17.3,0.0,54,10.0,
483,2024-04-27,00:00,23.59,Erhardt,3386,2969,6355,3.6,21.5,0.0,36,12.5,
484,2024-04-28,00:00,23.59,Erhardt,3713,3321,7034,10.8,24.9,0.0,95,7.0,
485,2024-04-29,00:00,23.59,Erhardt,3679,3392,7071,7.9,22.8,0.0,80,12.9,
486,2024-04-30,00:00,23.59,Erhardt,4435,4103,8538,10.1,28.3,0.0,40,11.5,
487,2024-05-01,00:00,23.59,Erhardt,5081,4402,9483,9.7,25.1,0.0,55,12.2,
488,2024-05-02,00:00,23.59,Erhardt,2815,2791,5606,10.9,24.1,1.0,80,3.9,
489,2024-05-03,00:00,23.59,Erhardt,1855,1802,3657,9.1,12.6,0.7,98,0.0,
490,2024-05-04,00:00,23.59,Erhardt,3428,2949,6377,7.1,19.4,0.0,78,11.2,
491,2024-05-05,00:00,23.59,Erhardt,2497,2241,4738,10.2,21.0,0.6,99,6.7,
492,2024-05-06,00:00,23.59,Erhardt,2105,2199,4304,9.2,22.7,24.9,86,8.0,
493,2024-05-07,00:00,23.59,Erhardt,2471,2209,4680,10.7,16.9,3.5,100,0.3,
494,2024-05-08,00:00,23.59,Erhardt,1221,1156,2377,9.3,10.8,6.2,98,0.0,
495,2024-05-09,00:00,23.59,Erhardt,3038,2591,5629,7.3,17.6,0.0,63,6.6,
496,2024-05-10,00:00,23.59,Erhardt,3367,3013,6380,5.9,20.4,0.0,43,13.8,
497,2024-05-11,00:00,23.59,Erhardt,3813,3266,7079,6.9,21.8,0.0,73,14.1,
498,2024-05-12,00:00,23.59,Erhardt,3817,3337,7154,7.8,23.1,0.0,13,14.4,
499,2024-05-13,00:00,23.59,Erhardt,3476,3350,6826,9.2,23.4,0.0,24,11.1,
500,2024-05-14,00:00,23.59,Erhardt,4243,4055,8298,9.7,24.2,0.0,9,14.5,
501,2024-05-15,00:00,23.59,Erhardt,3148,3077,6225,10.2,23.7,2.0,98,7.4,
502,2024-05-16,00:00,23.59,Erhardt,3084,2961,6045,13.0,24.1,4.0,86,8.2,
503,2024-05-17,00:00,23.59,Erhardt,1825,1822,3647,9.8,15.5,0.0,100,1.2,
504,2024-05-18,00:00,23.59,Erhardt,2721,2404,5125,10.7,22.4,10.2,71,9.7,
505,2024-05-19,00:00,23.59,Erhardt,2629,2357,4986,11.2,21.7,2.6,73,10.6,
506,2024-05-20,00:00,23.59,Erhardt,3679,3212,6891,9.7,24.0,0.6,51,14.0,
507,2024-05-21,00:00,23.59,Erhardt,1501,1522,3023,12.2,22.7,5.8,99,0.1,
508,2024-05-22,00:00,23.59,Erhardt,2239,2078,4317,11.8,19.7,1.3,85,5.3,
509,2024-05-23,00:00,23.59,Erhardt,1711,1770,3481,9.3,21.3,16.8,86,4.6,
510,2024-05-24,00:00,23.59,Erhardt,2182,2027,4209,8.8,19.1,8.7,88,8.0,
511,2024-05-25,00:00,23.59,Erhardt,1864,1640,3504,9.2,20.0,0.0,86,4.8,
512,2024-05-26,00:00,23.59,Erhardt,3607,3079,6686,9.7,23.4,0.0,55,10.9,
513,2024-05-27,00:00,23.59,Erhardt,2278,2203,4481,13.3,22.7,25.0,94,6.7,
514,2024-05-28,00:00,23.59,Erhardt,1750,1604,3354,10.5,16.7,0.0,84,3.4,
515,2024-05-29,00:00,23.59,Erhardt,2556,2449,5005,9.5,22.1,7.8,96,7.5,
516,2024-05-30,00:00,23.59,Erhardt,1308,1212,2520,12.5,20.8,16.6,96,3.8,
517,2024-05-31,00:00,23.59,Erhardt,440,443,883,9.5,12.6,66.9,96,0.0,
518,2024-06-01,00:00,23.59,Erhardt,209,212,421,10.2,12.4,42.5,95,0.0,
519,2024-06-02,00:00,23.59,Erhardt,1388,1242,2630,11.3,19.3,1.5,86,2.1,
520,2024-06-03,00:00,23.59,Erhardt,1146,1166,2312,12.9,16.1,14.0,98,0.1,
521,2024-06-04,00:00,23.59,Erhardt,3772,3832,7604,12.2,21.5,0.0,51,9.7,
522,2024-06-05,00:00,23.59,Erhardt,3902,3794,7696,12.3,24.7,0.0,76,8.7,
523,2024-06-06,00:00,23.59,Erhardt,3787,3683,7470,13.4,26.3,0.9,69,10.9,
524,2024-06-07,00:00,23.59,Erhardt,2687,2592,5279,15.1,23.3,2.6,65,7.0,
525,2024-06-08,00:00,23.59,Erhardt,2818,2538,5356,13.6,27.2,7.1,78,8.7,
526,2024-06-09,00:00,23.59,Erhardt,1539,1406,2945,15.4,21.9,13.3,95,1.9,
527,2024-06-10,00:00,23.59,Erhardt,2176,2163,4339,13.6,21.6,0.8,81,5.6,
528,2024-06-11,00:00,23.59,Erhardt,2434,2380,4814,10.0,15.1,0.0,100,0.0,
529,2024-06-12,00:00,23.59,Erhardt,3171,3145,6316,10.7,18.6,0.0,88,4.5,
530,2024-06-13,00:00,23.59,Erhardt,3581,3496,7077,10.9,19.4,0.0,58,11.3,
531,2024-06-14,00:00,23.59,Erhardt,3123,3089,6212,9.1,21.9,0.0,89,4.1,
532,2024-06-15,00:00,23.59,Erhardt,1698,1563,3261,13.3,19.3,0.1,96,2.3,
533,2024-06-16,00:00,23.59,Erhardt,3309,2872,6181,13.5,23.2,0.3,83,5.4,
534,2024-06-17,00:00,23.59,Erhardt,3304,3188,6492,13.6,27.6,2.9,94,7.9,
535,2024-06-18,00:00,23.59,Erhardt,4962,4523,9485,14.5,30.3,0.0,70,14.1,
536,2024-06-19,00:00,23.59,Erhardt,4773,4481,9254,18.3,30.0,0.0,30,14.7,
537,2024-06-20,00:00,23.59,Erhardt,3891,3749,7640,16.6,26.0,0.0,71,6.7,
538,2024-06-21,00:00,23.59,Erhardt,2352,2313,4665,13.6,24.3,21.0,96,2.8,
539,2024-06-22,00:00,23.59,Erhardt,2993,2608,5601,12.2,23.9,18.1,76,8.7,
540,2024-06-23,00:00,23.59,Erhardt,2586,2423,5009,11.9,22.2,0.0,68,5.3,
541,2024-06-24,00:00,23.59,Erhardt,4116,3927,8043,15.0,26.0,0.0,20,14.0,
542,2024-06-25,00:00,23.59,Erhardt,4817,4498,9315,15.9,27.7,0.0,11,15.3,
543,2024-06-26,00:00,23.59,Erhardt,2983,3059,6042,16.4,27.7,9.1,85,7.4,
544,2024-06-27,00:00,23.59,Erhardt,3471,3301,6772,16.3,26.7,0.0,76,7.5,
545,2024-06-28,00:00,23.59,Erhardt,3812,3614,7426,19.9,30.0,0.0,63,12.4,
546,2024-06-29,00:00,23.59,Erhardt,3789,3402,7191,18.6,33.7,0.0,55,10.1,
547,2024-06-30,00:00,23.59,Erhardt,2626,2351,4977,16.3,25.5,0.1,98,2.1,
548,2024-07-01,00:00,23.59,Erhardt,2467,2527,4994,14.3,23.7,8.3,95,5.1,
549,2024-07-02,00:00,23.59,Erhardt,3297,3186,6483,12.4,19.5,3.5,94,2.5,
550,2024-07-03,00:00,23.59,Erhardt,1705,1669,3374,11.3,18.0,7.0,98,1.9,
551,2024-07-04,00:00,23.59,Erhardt,3120,3313,6433,11.4,22.3,0.6,96,4.6,
552,2024-07-05,00:00,23.59,Erhardt,3204,3379,6583,14.7,25.3,0.0,90,10.8,
553,2024-07-06,00:00,23.59,Erhardt,2622,2530,5152,15.7,32.0,17.6,73,9.2,
554,2024-07-07,00:00,23.59,Erhardt,701,700,1401,12.9,16.6,6.7,100,0.0,
555,2024-07-08,00:00,23.59,Erhardt,3300,3287,6587,15.5,24.0,0.3,66,7.7,
556,2024-07-09,00:00,23.59,Erhardt,4939,4887,9826,14.6,30.5,0.5,50,13.7,
557,2024-07-10,00:00,23.59,Erhardt,3256,3321,6577,19.6,29.0,1.6,71,8.2,
558,2024-07-11,00:00,23.59,Erhardt,3802,3920,7722,18.4,27.9,0.7,81,6.0,
559,2024-07-12,00:00,23.59,Erhardt,2577,2600,5177,16.5,26.6,6.3,98,6.4,
560,2024-07-13,00:00,23.59,Erhardt,2061,2098,4159,15.9,20.0,0.0,96,2.7,
561,2024-07-14,00:00,23.59,Erhardt,3598,3433,7031,15.1,27.3,0.0,85,8.3,
562,2024-07-15,00:00,23.59,Erhardt,4265,4164,8429,15.4,31.5,12.8,73,14.0,
563,2024-07-16,00:00,23.59,Erhardt,2853,2951,5804,17.8,26.5,0.7,50,2.4,
564,2024-07-17,00:00,23.59,Erhardt,3791,3901,7692,16.0,22.6,0.0,89,0.6,
565,2024-07-18,00:00,23.59,Erhardt,4409,4541,8950,15.0,27.4,0.0,34,13.4,
566,2024-07-19,00:00,23.59,Erhardt,4016,4026,8042,17.0,30.1,0.0,71,12.1,
567,2024-07-20,00:00,23.59,Erhardt,2666,2837,5503,18.0,28.7,10.9,76,6.5,
568,2024-07-21,00:00,23.59,Erhardt,3689,3669,7358,16.7,30.5,6.9,44,10.7,
569,2024-07-22,00:00,23.59,Erhardt,2455,2601,5056,17.3,25.3,3.6,80,4.6,
570,2024-07-23,00:00,23.59,Erhardt,3529,3616,7145,16.1,25.6,6.5,85,6.8,
571,2024-07-24,00:00,23.59,Erhardt,3912,4061,7973,16.2,23.5,0.0,63,9.7,
572,2024-07-25,00:00,23.59,Erhardt,4020,4160,8180,13.9,25.8,0.0,54,12.5,
573,2024-07-26,00:00,23.59,Erhardt,4040,4144,8184,14.2,28.1,0.0,88,14.1,
574,2024-07-27,00:00,23.59,Erhardt,3759,3516,7275,17.0,31.9,6.4,64,12.4,
575,2024-07-28,00:00,23.59,Erhardt,2184,2268,4452,14.0,24.1,3.4,58,7.1,
576,2024-07-29,00:00,23.59,Erhardt,3894,3908,7802,12.5,26.7,0.0,0,14.7,
577,2024-07-30,00:00,23.59,Erhardt,4686,4715,9401,13.0,30.3,0.0,25,14.3,
578,2024-07-31,00:00,23.59,Erhardt,4513,4398,8911,17.8,33.3,5.0,31,12.1,
579,2024-08-01,00:00,23.59,Erhardt,3281,3292,6573,18.0,28.4,3.2,75,9.2,
580,2024-08-02,00:00,23.59,Erhardt,2585,2613,5198,17.9,24.6,21.7,76,6.2,
581,2024-08-03,00:00,23.59,Erhardt,2612,2499,5111,15.9,26.5,4.4,90,6.5,
582,2024-08-04,00:00,23.59,Erhardt,3007,2818,5825,16.8,25.1,0.0,94,6.8,
583,2024-08-05,00:00,23.59,Erhardt,2895,3066,5961,15.9,24.8,0.2,78,6.5,
584,2024-08-06,00:00,23.59,Erhardt,4403,4264,8667,14.6,29.0,0.0,16,14.3,
585,2024-08-07,00:00,23.59,Erhardt,3365,3419,6784,17.8,27.9,4.4,60,8.0,
586,2024-08-08,00:00,23.59,Erhardt,2314,2443,4757,16.6,24.5,4.8,85,2.8,
587,2024-08-09,00:00,23.59,Erhardt,3429,3357,6786,14.4,27.7,0.0,73,12.6,
588,2024-08-10,00:00,23.59,Erhardt,3288,3080,6368,19.1,29.3,0.0,36,11.8,
589,2024-08-11,00:00,23.59,Erhardt,3197,3044,6241,17.0,31.3,0.0,26,13.8,
590,2024-08-12,00:00,23.59,Erhardt,3274,3278,6552,18.4,31.7,0.0,79,11.0,
591,2024-08-13,00:00,23.59,Erhardt,3190,3215,6405,18.9,32.6,1.2,35,10.9,
592,2024-08-14,00:00,23.59,Erhardt,2857,2771,5628,17.1,31.0,4.1,53,10.9,
593,2024-08-15,00:00,23.59,Erhardt,3056,2926,5982,16.7,28.2,0.0,51,13.1,
594,2024-08-16,00:00,23.59,Erhardt,2578,2494,5072,19.0,29.8,0.5,69,9.3,
595,2024-08-17,00:00,23.59,Erhardt,1751,1873,3624,19.1,26.1,2.4,90,5.1,
596,2024-08-18,00:00,23.59,Erhardt,511,593,1104,16.3,21.9,54.5,96,0.3,
597,2024-08-19,00:00,23.59,Erhardt,795,769,1564,14.6,17.0,5.7,98,0.0,
598,2024-08-20,00:00,23.59,Erhardt,2381,2521,4902,15.7,20.1,0.0,78,1.0,
599,2024-08-21,00:00,23.59,Erhardt,2456,2501,4957,12.5,22.2,0.4,88,4.6,
600,2024-08-22,00:00,23.59,Erhardt,2934,2928,5862,11.2,24.4,0.0,69,12.3,
601,2024-08-23,00:00,23.59,Erhardt,3004,2905,5909,13.8,29.5,0.0,48,12.5,
602,2024-08-24,00:00,23.59,Erhardt,3253,3047,6300,14.8,31.4,0.0,19,13.1,
603,2024-08-25,00:00,23.59,Erhardt,609,632,1241,11.7,23.6,6.7,88,1.0,
604,2024-08-26,00:00,23.59,Erhardt,1527,1616,3143,12.3,16.3,0.6,98,0.0,
605,2024-08-27,00:00,23.59,Erhardt,2707,2651,5358,12.9,24.6,0.0,63,6.3,
606,2024-08-28,00:00,23.59,Erhardt,3373,3261,6634,11.9,31.5,0.0,45,12.9,
607,2024-08-29,00:00,23.59,Erhardt,3268,3340,6608,15.6,31.2,0.0,5,12.9,
608,2024-08-30,00:00,23.59,Erhardt,3106,3014,6120,15.2,30.8,0.0,38,12.7,
609,2024-08-31,00:00,23.59,Erhardt,2863,2751,5614,15.7,30.0,0.0,75,11.4,
610,2024-09-01,00:00,23.59,Erhardt,2990,2695,5685,17.4,29.5,0.0,73,9.4,
611,2024-09-02,00:00,23.59,Erhardt,2660,2651,5311,18.4,27.2,0.0,69,8.2,
612,2024-09-03,00:00,23.59,Erhardt,3424,3330,6754,16.8,28.9,0.0,49,11.0,
613,2024-09-04,00:00,23.59,Erhardt,3000,2969,5969,17.8,28.6,6.1,84,7.5,
614,2024-09-05,00:00,23.59,Erhardt,3189,3158,6347,16.3,30.1,0.0,61,9.3,
615,2024-11-27,00:00,23.59,Erhardt,2631,2758,5389,3.2,12.2,3.8,83,4.8,
616,2024-11-28,00:00,23.59,Erhardt,1310,1371,2681,3.7,11.7,5.5,95,0.0,
617,2024-11-29,00:00,23.59,Erhardt,1691,1721,3412,-0.2,6.2,0.0,58,2.3,
618,2024-11-30,00:00,23.59,Erhardt,1094,1067,2161,-2.0,5.5,0.0,10,6.7,
619,2024-12-01,00:00,23.59,Erhardt,806,794,1600,-3.3,-0.1,0.0,95,0.2,
620,2024-12-02,00:00,23.59,Erhardt,1726,1785,3511,-3.5,7.3,5.9,88,0.5,
621,2024-12-03,00:00,23.59,Erhardt,1590,1609,3199,3.5,7.3,2.5,90,2.5,
622,2024-12-04,00:00,23.59,Erhardt,1779,1720,3499,-0.1,3.7,0.0,89,0.0,
623,2024-12-05,00:00,23.59,Erhardt,1860,1991,3851,-1.2,5.1,2.9,68,6.5,
624,2024-12-06,00:00,23.59,Erhardt,1010,1110,2120,3.5,8.8,4.9,95,0.4,
625,2024-12-07,00:00,23.59,Erhardt,724,748,1472,2.0,7.2,2.4,98,0.5,
626,2024-12-08,00:00,23.59,Erhardt,659,673,1332,2.6,6.3,6.1,95,0.7,
627,2024-12-09,00:00,23.59,Erhardt,1153,1435,2588,0.2,3.0,3.6,96,0.0,
628,2024-12-10,00:00,23.59,Erhardt,1353,1728,3081,0.3,2.3,0.1,96,0.0,
629,2024-12-11,00:00,23.59,Erhardt,1576,1840,3416,1.2,2.5,0.0,99,0.0,
630,2024-12-12,00:00,23.59,Erhardt,1535,1880,3415,0.3,2.1,0.0,100,0.0,
631,2024-12-13,00:00,23.59,Erhardt,1324,1490,2814,-0.7,1.2,0.0,100,0.0,
632,2024-12-14,00:00,23.59,Erhardt,750,861,1611,-1.3,4.4,0.0,100,0.0,
633,2024-12-15,00:00,23.59,Erhardt,675,784,1459,1.6,5.2,0.2,91,2.3,
634,2024-12-16,00:00,23.59,Erhardt,1652,1874,3526,4.8,11.8,0.0,54,3.8,
635,2024-12-17,00:00,23.59,Erhardt,1907,2174,4081,2.2,8.8,0.0,90,5.1,
636,2024-12-18,00:00,23.59,Erhardt,1957,2126,4083,2.3,12.6,0.0,99,1.2,
637,2024-12-19,00:00,23.59,Erhardt,1691,1617,3308,3.2,12.6,4.7,93,0.2,
638,2024-12-20,00:00,23.59,Erhardt,1208,1144,2352,0.8,3.3,0.4,88,0.0,
639,2024-12-21,00:00,23.59,Erhardt,840,807,1647,0.1,6.9,5.0,71,3.5,
640,2024-12-22,00:00,23.59,Erhardt,232,247,479,0.0,6.5,12.8,80,0.6,
641,2024-12-23,00:00,23.59,Erhardt,521,546,1067,0.1,3.1,1.0,91,3.3,
642,2024-12-24,00:00,23.59,Erhardt,204,232,436,-1.1,2.4,0.1,91,0.0,
643,2024-12-25,00:00,23.59,Erhardt,254,268,522,-2.9,4.6,0.0,14,8.0,
644,2024-12-26,00:00,23.59,Erhardt,232,277,509,-4.4,-0.4,0.0,81,2.2,
645,2024-12-27,00:00,23.59,Erhardt,452,436,888,-5.0,-2.1,0.0,96,0.0,
646,2024-12-28,00:00,23.59,Erhardt,417,434,851,-4.2,2.0,0.0,43,6.2,
647,2024-12-29,00:00,23.59,Erhardt,519,498,1017,-5.1,5.9,0.0,14,8.1,
648,2024-12-30,00:00,23.59,Erhardt,534,458,992,-3.8,-1.7,0.0,100,0.1,
649,2024-12-31,00:00,23.59,Erhardt,442,438,880,-4.3,2.9,0.0,49,6.9,
650,2024-01-01,00:00,23.59,Hirsch,127,134,261,3.3,7.1,0.0,76,5.2,
651,2024-01-02,00:00,23.59,Hirsch,287,303,590,3.0,11.1,1.0,94,0.0,
652,2024-01-03,00:00,23.59,Hirsch,339,375,714,7.1,13.0,1.6,74,3.8,
653,2024-01-04,00:00,23.59,Hirsch,367,362,729,4.3,9.1,0.0,91,1.5,
654,2024-01-05,00:00,23.59,Hirsch,306,325,631,2.2,8.6,12.7,95,0.0,
655,2024-01-06,00:00,23.59,Hirsch,101,74,175,0.4,5.0,15.3,96,0.0,
656,2024-01-07,00:00,23.59,Hirsch,39,39,78,-4.0,0.5,7.3,94,0.0,
657,2024-01-08,00:00,23.59,Hirsch,158,188,346,-5.7,-2.9,0.0,94,0.0,
658,2024-01-09,00:00,23.59,Hirsch,109,146,255,-7.9,-4.5,0.0,53,4.0,
659,2024-01-10,00:00,23.59,Hirsch,95,132,227,-6.8,-3.4,0.0,95,4.5,
660,2024-01-11,00:00,23.59,Hirsch,108,132,240,-7.1,-4.7,0.0,100,0.0,
661,2024-01-12,00:00,23.59,Hirsch,126,144,270,-5.8,-2.6,0.0,68,6.5,
662,2024-01-13,00:00,23.59,Hirsch,41,57,98,-6.9,-3.7,0.0,99,0.0,
663,2024-01-14,00:00,23.59,Hirsch,55,62,117,-5.4,1.0,0.0,85,6.9,
664,2024-01-15,00:00,23.59,Hirsch,220,288,508,-2.9,1.8,1.7,75,1.5,
665,2024-01-16,00:00,23.59,Hirsch,216,219,435,-5.3,0.6,1.7,81,2.0,
666,2024-01-17,00:00,23.59,Hirsch,116,113,229,-5.2,8.8,9.7,96,0.0,
667,2024-01-18,00:00,23.59,Hirsch,324,350,674,-1.8,11.3,3.6,95,1.0,
668,2024-01-19,00:00,23.59,Hirsch,155,163,318,-5.4,-0.3,0.0,59,2.4,
669,2024-01-20,00:00,23.59,Hirsch,42,51,93,-8.6,1.5,0.0,8,8.8,
670,2024-01-21,00:00,23.59,Hirsch,55,62,117,-7.9,4.8,0.0,56,7.3,
671,2024-01-22,00:00,23.59,Hirsch,359,371,730,-2.7,10.8,5.3,88,0.4,
672,2024-01-23,00:00,23.59,Hirsch,491,525,1016,3.3,7.5,2.2,79,2.1,
673,2024-01-24,00:00,23.59,Hirsch,520,634,1154,6.0,14.2,3.0,98,0.5,
674,2024-01-25,00:00,23.59,Hirsch,741,759,1500,6.5,9.6,0.5,93,3.7,
675,2024-01-26,00:00,23.59,Hirsch,437,469,906,2.7,11.9,5.4,88,0.5,
676,2024-01-27,00:00,23.59,Hirsch,350,374,724,0.1,6.8,0.0,14,8.9,
677,2024-01-28,00:00,23.59,Hirsch,401,359,760,-1.8,10.3,0.0,9,9.1,
678,2024-01-29,00:00,23.59,Hirsch,774,598,1372,-2.6,12.4,0.0,60,8.7,
679,2024-01-30,00:00,23.59,Hirsch,899,938,1837,-1.5,14.1,0.0,88,7.8,
680,2024-01-31,00:00,23.59,Hirsch,860,856,1716,2.8,11.7,0.0,68,5.4,
681,2024-02-01,00:00,23.59,Hirsch,558,577,1135,4.5,8.4,5.5,91,0.0,
682,2024-02-02,00:00,23.59,Hirsch,530,550,1080,3.9,9.2,0.1,98,0.0,
683,2024-02-03,00:00,23.59,Hirsch,421,445,866,5.7,13.3,0.3,31,9.1,
684,2024-02-04,00:00,23.59,Hirsch,288,331,619,5.4,11.0,0.2,99,1.5,
685,2024-02-05,00:00,23.59,Hirsch,951,990,1941,5.4,14.6,0.0,61,7.7,
686,2024-02-06,00:00,23.59,Hirsch,1049,1059,2108,4.3,11.8,0.0,70,9.3,
687,2024-02-07,00:00,23.59,Hirsch,815,879,1694,5.0,11.1,1.6,83,3.8,
688,2024-02-08,00:00,23.59,Hirsch,694,711,1405,6.9,13.3,0.1,99,0.6,
689,2024-02-09,00:00,23.59,Hirsch,596,628,1224,7.7,13.1,0.0,94,0.3,
690,2024-02-10,00:00,23.59,Hirsch,361,351,712,4.8,14.5,1.7,99,0.1,
691,2024-02-11,00:00,23.59,Hirsch,208,233,441,4.0,9.8,2.4,96,0.0,
692,2024-02-12,00:00,23.59,Hirsch,589,608,1197,4.4,9.5,1.4,96,1.3,
693,2024-02-13,00:00,23.59,Hirsch,672,704,1376,3.5,9.7,0.0,79,7.3,
694,2024-02-14,00:00,23.59,Hirsch,712,760,1472,3.4,13.7,0.1,99,2.5,
695,2024-02-15,00:00,23.59,Hirsch,822,874,1696,5.5,16.1,0.0,88,7.4,
696,2024-02-16,00:00,23.59,Hirsch,675,735,1410,5.1,18.0,6.1,96,5.7,
697,2024-02-17,00:00,23.59,Hirsch,302,318,620,7.3,11.9,1.3,86,0.8,
698,2024-02-18,00:00,23.59,Hirsch,490,516,1006,5.2,13.7,2.7,83,6.1,
699,2024-02-19,00:00,23.59,Hirsch,764,771,1535,6.8,9.9,2.3,96,2.2,
700,2024-02-20,00:00,23.59,Hirsch,710,720,1430,4.5,8.3,1.0,94,2.0,
701,2024-02-21,00:00,23.59,Hirsch,1024,1027,2051,4.0,13.7,0.6,95,7.7,
702,2024-02-22,00:00,23.59,Hirsch,567,573,1140,7.9,11.5,11.1,98,0.0,
703,2024-02-23,00:00,23.59,Hirsch,543,565,1108,2.8,7.8,0.0,89,0.1,
704,2024-02-24,00:00,23.59,Hirsch,381,383,764,-0.3,8.7,0.0,71,6.5,
705,2024-02-25,00:00,23.59,Hirsch,466,444,910,3.4,11.9,0.0,49,8.1,
706,2024-02-26,00:00,23.59,Hirsch,918,928,1846,1.5,12.9,0.0,96,3.9,
707,2024-02-27,00:00,23.59,Hirsch,948,972,1920,3.0,8.0,0.0,99,1.1,
708,2024-02-28,00:00,23.59,Hirsch,903,917,1820,4.5,6.4,0.0,99,0.0,
709,2024-02-29,00:00,23.59,Hirsch,907,958,1865,2.8,9.4,0.0,66,3.1,
710,2024-03-01,00:00,23.59,Hirsch,633,613,1246,1.3,8.6,0.5,91,0.0,
711,2024-03-02,00:00,23.59,Hirsch,522,520,1042,4.3,13.0,0.0,78,8.7,
712,2024-03-03,00:00,23.59,Hirsch,585,555,1140,2.0,18.9,0.0,93,8.4,
713,2024-03-04,00:00,23.59,Hirsch,915,934,1849,4.5,9.6,0.0,86,0.0,
714,2024-03-05,00:00,23.59,Hirsch,878,920,1798,5.4,9.7,7.5,100,0.0,
715,2024-03-06,00:00,23.59,Hirsch,458,504,962,3.2,5.8,6.3,99,0.0,
716,2024-03-07,00:00,23.59,Hirsch,967,1004,1971,0.9,6.8,0.0,78,0.3,
717,2024-03-08,00:00,23.59,Hirsch,846,813,1659,-0.4,9.9,0.0,25,8.8,
718,2024-03-09,00:00,23.59,Hirsch,568,583,1151,-0.2,16.1,0.0,71,8.8,
719,2024-03-10,00:00,23.59,Hirsch,467,407,874,5.7,18.8,0.1,95,2.7,
720,2024-03-11,00:00,23.59,Hirsch,1037,1079,2116,2.4,13.0,0.0,71,6.9,
721,2024-03-12,00:00,23.59,Hirsch,1031,1079,2110,5.8,10.2,2.3,94,1.2,
722,2024-03-13,00:00,23.59,Hirsch,813,816,1629,4.3,10.7,0.3,98,0.2,
723,2024-03-14,00:00,23.59,Hirsch,1094,1071,2165,5.8,16.5,0.0,98,8.1,
724,2024-03-15,00:00,23.59,Hirsch,782,845,1627,8.4,17.5,1.8,95,5.3,
725,2024-03-16,00:00,23.59,Hirsch,304,292,596,7.5,13.4,2.3,90,2.8,
726,2024-03-17,00:00,23.59,Hirsch,524,568,1092,6.6,14.1,0.0,94,3.4,
727,2024-03-18,00:00,23.59,Hirsch,639,698,1337,7.5,11.6,9.7,98,0.0,
728,2024-03-19,00:00,23.59,Hirsch,1100,1133,2233,7.1,15.0,0.0,86,5.7,
729,2024-03-20,00:00,23.59,Hirsch,1222,1265,2487,3.3,17.3,0.0,93,10.3,
730,2024-03-21,00:00,23.59,Hirsch,766,797,1563,7.3,14.7,5.5,93,2.1,
731,2024-03-22,00:00,23.59,Hirsch,973,1022,1995,6.4,17.8,0.0,96,9.3,
732,2024-03-23,00:00,23.59,Hirsch,163,155,318,3.0,14.5,9.3,74,2.1,
733,2024-03-24,00:00,23.59,Hirsch,122,120,242,1.9,6.1,3.3,93,2.7,
734,2024-03-25,00:00,23.59,Hirsch,812,872,1684,2.4,11.6,0.0,68,9.8,
735,2024-03-26,00:00,23.59,Hirsch,1043,1066,2109,0.9,15.4,0.0,85,8.3,
736,2024-03-27,00:00,23.59,Hirsch,726,769,1495,4.0,22.2,6.6,96,4.2,
737,2024-03-28,00:00,23.59,Hirsch,559,585,1144,3.2,12.0,1.4,51,4.2,
738,2024-03-29,00:00,23.59,Hirsch,478,452,930,3.8,23.0,0.0,84,7.3,
739,2024-03-30,00:00,23.59,Hirsch,491,469,960,11.1,24.0,0.0,80,7.3,
740,2024-03-31,00:00,23.59,Hirsch,377,372,749,7.6,22.5,0.0,88,4.7,
741,2024-04-01,00:00,23.59,Hirsch,133,152,285,7.7,16.4,0.7,99,0.0,
742,2024-04-02,00:00,23.59,Hirsch,736,773,1509,7.3,13.4,0.0,63,7.2,
743,2024-04-03,00:00,23.59,Hirsch,677,751,1428,5.2,14.0,2.9,81,1.4,
744,2024-04-04,00:00,23.59,Hirsch,799,825,1624,10.4,17.6,3.7,93,3.9,
745,2024-04-05,00:00,23.59,Hirsch,907,902,1809,10.4,24.5,0.0,95,6.9,
746,2024-04-06,00:00,23.59,Hirsch,761,804,1565,12.6,27.1,0.0,81,11.5,
747,2024-04-07,00:00,23.59,Hirsch,824,818,1642,12.0,26.5,0.0,85,6.7,
748,2024-04-08,00:00,23.59,Hirsch,1578,1619,3197,13.2,28.9,0.0,38,8.5,
749,2024-04-09,00:00,23.59,Hirsch,1187,1261,2448,5.9,21.1,3.6,81,0.9,
750,2024-04-10,00:00,23.59,Hirsch,922,915,1837,4.9,11.9,0.0,86,2.4,
751,2024-04-11,00:00,23.59,Hirsch,1360,1311,2671,3.4,15.6,0.0,13,10.4,
752,2024-04-12,00:00,23.59,Hirsch,1185,1251,2436,5.9,20.0,0.0,56,12.3,
753,2024-04-13,00:00,23.59,Hirsch,902,909,1811,8.0,25.0,0.0,81,11.2,
754,2024-04-14,00:00,23.59,Hirsch,902,874,1776,9.7,25.6,0.4,94,12.0,
755,2024-04-15,00:00,23.59,Hirsch,673,702,1375,5.4,16.1,9.5,94,1.9,
756,2024-04-16,00:00,23.59,Hirsch,644,727,1371,2.7,11.4,8.9,84,4.2,
757,2024-04-17,00:00,23.59,Hirsch,468,497,965,1.1,9.4,4.9,94,1.5,
758,2024-04-18,00:00,23.59,Hirsch,527,539,1066,0.9,8.4,4.2,90,3.2,
759,2024-04-19,00:00,23.59,Hirsch,398,450,848,2.5,7.1,2.0,96,1.1,
760,2024-04-20,00:00,23.59,Hirsch,198,234,432,2.5,8.3,1.4,94,3.1,
761,2024-04-21,00:00,23.59,Hirsch,145,112,257,0.5,6.3,7.7,96,0.7,
762,2024-04-22,00:00,23.59,Hirsch,682,668,1350,0.4,6.8,0.1,96,0.6,
763,2024-04-23,00:00,23.59,Hirsch,589,646,1235,1.3,3.6,0.7,94,0.0,
764,2024-04-24,00:00,23.59,Hirsch,687,736,1423,2.0,9.3,1.0,88,3.1,
765,2024-04-25,00:00,23.59,Hirsch,925,860,1785,2.0,10.1,0.0,83,5.0,
766,2024-04-26,00:00,23.59,Hirsch,851,922,1773,0.7,17.3,0.0,54,10.0,
767,2024-04-27,00:00,23.59,Hirsch,785,799,1584,3.6,21.5,0.0,36,12.5,
768,2024-04-28,00:00,23.59,Hirsch,743,798,1541,10.8,24.9,0.0,95,7.0,
769,2024-04-29,00:00,23.59,Hirsch,1524,1562,3086,7.9,22.8,0.0,80,12.9,
770,2024-04-30,00:00,23.59,Hirsch,1618,1693,3311,10.1,28.3,0.0,40,11.5,
771,2024-05-01,00:00,23.59,Hirsch,1052,949,2001,9.7,25.1,0.0,55,12.2,
772,2024-05-02,00:00,23.59,Hirsch,1101,1140,2241,10.9,24.1,1.0,80,3.9,
773,2024-05-03,00:00,23.59,Hirsch,635,669,1304,9.1,12.6,0.7,98,0.0,
774,2024-05-04,00:00,23.59,Hirsch,761,786,1547,7.1,19.4,0.0,78,11.2,
775,2024-05-05,00:00,23.59,Hirsch,599,598,1197,10.2,21.0,0.6,99,6.7,
776,2024-05-06,00:00,23.59,Hirsch,869,1037,1906,9.2,22.7,24.9,86,8.0,
777,2024-05-07,00:00,23.59,Hirsch,1014,1015,2029,10.7,16.9,3.5,100,0.3,
778,2024-05-08,00:00,23.59,Hirsch,534,556,1090,9.3,10.8,6.2,98,0.0,
779,2024-05-09,00:00,23.59,Hirsch,666,686,1352,7.3,17.6,0.0,63,6.6,
780,2024-05-10,00:00,23.59,Hirsch,1037,1046,2083,5.9,20.4,0.0,43,13.8,
781,2024-05-11,00:00,23.59,Hirsch,699,750,1449,6.9,21.8,0.0,73,14.1,
782,2024-05-12,00:00,23.59,Hirsch,790,780,1570,7.8,23.1,0.0,13,14.4,
783,2024-05-13,00:00,23.59,Hirsch,1459,1508,2967,9.2,23.4,0.0,24,11.1,
784,2024-05-14,00:00,23.59,Hirsch,1724,1716,3440,9.7,24.2,0.0,9,14.5,
785,2024-05-15,00:00,23.59,Hirsch,1237,1336,2573,10.2,23.7,2.0,98,7.4,
786,2024-05-16,00:00,23.59,Hirsch,1166,1200,2366,13.0,24.1,4.0,86,8.2,
787,2024-05-17,00:00,23.59,Hirsch,596,584,1180,9.8,15.5,0.0,100,1.2,
788,2024-05-18,00:00,23.59,Hirsch,575,606,1181,10.7,22.4,10.2,71,9.7,
789,2024-05-19,00:00,23.59,Hirsch,629,596,1225,11.2,21.7,2.6,73,10.6,
790,2024-05-20,00:00,23.59,Hirsch,809,804,1613,9.7,24.0,0.6,51,14.0,
791,2024-05-21,00:00,23.59,Hirsch,576,613,1189,12.2,22.7,5.8,99,0.1,
792,2024-05-22,00:00,23.59,Hirsch,883,934,1817,11.8,19.7,1.3,85,5.3,
793,2024-05-23,00:00,23.59,Hirsch,693,745,1438,9.3,21.3,16.8,86,4.6,
794,2024-05-24,00:00,23.59,Hirsch,752,739,1491,8.8,19.1,8.7,88,8.0,
795,2024-05-25,00:00,23.59,Hirsch,456,437,893,9.2,20.0,0.0,86,4.8,
796,2024-05-26,00:00,23.59,Hirsch,727,677,1404,9.7,23.4,0.0,55,10.9,
797,2024-05-27,00:00,23.59,Hirsch,876,943,1819,13.3,22.7,25.0,94,6.7,
798,2024-05-28,00:00,23.59,Hirsch,659,685,1344,10.5,16.7,0.0,84,3.4,
799,2024-05-29,00:00,23.59,Hirsch,937,996,1933,9.5,22.1,7.8,96,7.5,
800,2024-05-30,00:00,23.59,Hirsch,259,270,529,12.5,20.8,16.6,96,3.8,
801,2024-05-31,00:00,23.59,Hirsch,142,153,295,9.5,12.6,66.9,96,0.0,
802,2024-06-01,00:00,23.59,Hirsch,56,47,103,10.2,12.4,42.5,95,0.0,
803,2024-06-02,00:00,23.59,Hirsch,285,282,567,11.3,19.3,1.5,86,2.1,
804,2024-06-03,00:00,23.59,Hirsch,448,461,909,12.9,16.1,14.0,98,0.1,
805,2024-06-04,00:00,23.59,Hirsch,1520,1552,3072,12.2,21.5,0.0,51,9.7,
806,2024-06-05,00:00,23.59,Hirsch,1507,1542,3049,12.3,24.7,0.0,76,8.7,
807,2024-06-06,00:00,23.59,Hirsch,1492,1593,3085,13.4,26.3,0.9,69,10.9,
808,2024-06-07,00:00,23.59,Hirsch,927,973,1900,15.1,23.3,2.6,65,7.0,
809,2024-06-08,00:00,23.59,Hirsch,691,697,1388,13.6,27.2,7.1,78,8.7,
810,2024-06-09,00:00,23.59,Hirsch,363,415,778,15.4,21.9,13.3,95,1.9,
811,2024-06-10,00:00,23.59,Hirsch,803,853,1656,13.6,21.6,0.8,81,5.6,
812,2024-06-11,00:00,23.59,Hirsch,1053,1089,2142,10.0,15.1,0.0,100,0.0,
813,2024-06-12,00:00,23.59,Hirsch,1262,1400,2662,10.7,18.6,0.0,88,4.5,
814,2024-06-13,00:00,23.59,Hirsch,1452,1433,2885,10.9,19.4,0.0,58,11.3,
815,2024-06-14,00:00,23.59,Hirsch,986,1154,2140,9.1,21.9,0.0,89,4.1,
816,2024-06-15,00:00,23.59,Hirsch,421,408,829,13.3,19.3,0.1,96,2.3,
817,2024-06-16,00:00,23.59,Hirsch,738,723,1461,13.5,23.2,0.3,83,5.4,
818,2024-06-17,00:00,23.59,Hirsch,1309,1415,2724,13.6,27.6,2.9,94,7.9,
819,2024-06-18,00:00,23.59,Hirsch,1790,1825,3615,14.5,30.3,0.0,70,14.1,
820,2024-06-19,00:00,23.59,Hirsch,1675,1755,3430,18.3,30.0,0.0,30,14.7,
821,2024-06-20,00:00,23.59,Hirsch,1442,1449,2891,16.6,26.0,0.0,71,6.7,
822,2024-06-21,00:00,23.59,Hirsch,824,837,1661,13.6,24.3,21.0,96,2.8,
823,2024-06-22,00:00,23.59,Hirsch,601,593,1194,12.2,23.9,18.1,76,8.7,
824,2024-06-23,00:00,23.59,Hirsch,599,616,1215,11.9,22.2,0.0,68,5.3,
825,2024-06-24,00:00,23.59,Hirsch,1637,1717,3354,15.0,26.0,0.0,20,14.0,
826,2024-06-25,00:00,23.59,Hirsch,1803,1885,3688,15.9,27.7,0.0,11,15.3,
827,2024-06-26,00:00,23.59,Hirsch,1210,1350,2560,16.4,27.7,9.1,85,7.4,
828,2024-06-27,00:00,23.59,Hirsch,1308,1296,2604,16.3,26.7,0.0,76,7.5,
829,2024-06-28,00:00,23.59,Hirsch,1196,1262,2458,19.9,30.0,0.0,63,12.4,
830,2024-06-29,00:00,23.59,Hirsch,713,713,1426,18.6,33.7,0.0,55,10.1,
831,2024-06-30,00:00,23.59,Hirsch,651,594,1245,16.3,25.5,0.1,98,2.1,
832,2024-07-01,00:00,23.59,Hirsch,1167,1226,2393,14.3,23.7,8.3,95,5.1,
833,2024-07-02,00:00,23.59,Hirsch,1455,1469,2924,12.4,19.5,3.5,94,2.5,
834,2024-07-03,00:00,23.59,Hirsch,619,659,1278,11.3,18.0,7.0,98,1.9,
835,2024-07-04,00:00,23.59,Hirsch,1238,1299,2537,11.4,22.3,0.6,96,4.6,
836,2024-07-05,00:00,23.59,Hirsch,1076,1160,2236,14.7,25.3,0.0,90,10.8,
837,2024-07-06,00:00,23.59,Hirsch,533,529,1062,15.7,32.0,17.6,73,9.2,
838,2024-07-07,00:00,23.59,Hirsch,246,226,472,12.9,16.6,6.7,100,0.0,
839,2024-07-08,00:00,23.59,Hirsch,1181,1191,2372,15.5,24.0,0.3,66,7.7,
840,2024-07-09,00:00,23.59,Hirsch,1842,1903,3745,14.6,30.5,0.5,50,13.7,
841,2024-07-10,00:00,23.59,Hirsch,1398,1476,2874,19.6,29.0,1.6,71,8.2,
842,2024-07-11,00:00,23.59,Hirsch,1423,1438,2861,18.4,27.9,0.7,81,6.0,
843,2024-07-12,00:00,23.59,Hirsch,972,920,1892,16.5,26.6,6.3,98,6.4,
844,2024-07-13,00:00,23.59,Hirsch,579,605,1184,15.9,20.0,0.0,96,2.7,
845,2024-07-14,00:00,23.59,Hirsch,856,782,1638,15.1,27.3,0.0,85,8.3,
846,2024-07-15,00:00,23.59,Hirsch,1626,1658,3284,15.4,31.5,12.8,73,14.0,
847,2024-07-16,00:00,23.59,Hirsch,1123,1185,2308,17.8,26.5,0.7,50,2.4,
848,2024-07-17,00:00,23.59,Hirsch,1462,1618,3080,16.0,22.6,0.0,89,0.6,
849,2024-07-18,00:00,23.59,Hirsch,1679,1711,3390,15.0,27.4,0.0,34,13.4,
850,2024-07-19,00:00,23.59,Hirsch,1208,1287,2495,17.0,30.1,0.0,71,12.1,
851,2024-07-20,00:00,23.59,Hirsch,588,584,1172,18.0,28.7,10.9,76,6.5,
852,2024-07-21,00:00,23.59,Hirsch,587,590,1177,16.7,30.5,6.9,44,10.7,
853,2024-07-22,00:00,23.59,Hirsch,1159,1174,2333,17.3,25.3,3.6,80,4.6,
854,2024-07-23,00:00,23.59,Hirsch,1541,1559,3100,16.1,25.6,6.5,85,6.8,
855,2024-07-24,00:00,23.59,Hirsch,1585,1600,3185,16.2,23.5,0.0,63,9.7,
856,2024-07-25,00:00,23.59,Hirsch,1750,1706,3456,13.9,25.8,0.0,54,12.5,
857,2024-07-26,00:00,23.59,Hirsch,1268,1344,2612,14.2,28.1,0.0,88,14.1,
858,2024-07-27,00:00,23.59,Hirsch,687,692,1379,17.0,31.9,6.4,64,12.4,
859,2024-07-28,00:00,23.59,Hirsch,528,562,1090,14.0,24.1,3.4,58,7.1,
860,2024-07-29,00:00,23.59,Hirsch,1605,1655,3260,12.5,26.7,0.0,0,14.7,
861,2024-07-30,00:00,23.59,Hirsch,1705,1718,3423,13.0,30.3,0.0,25,14.3,
862,2024-07-31,00:00,23.59,Hirsch,1466,1554,3020,17.8,33.3,5.0,31,12.1,
863,2024-08-01,00:00,23.59,Hirsch,1257,1285,2542,18.0,28.4,3.2,75,9.2,
864,2024-08-02,00:00,23.59,Hirsch,905,951,1856,17.9,24.6,21.7,76,6.2,
865,2024-08-03,00:00,23.59,Hirsch,507,496,1003,15.9,26.5,4.4,90,6.5,
866,2024-08-04,00:00,23.59,Hirsch,661,650,1311,16.8,25.1,0.0,94,6.8,
867,2024-08-05,00:00,23.59,Hirsch,1233,1286,2519,15.9,24.8,0.2,78,6.5,
868,2024-08-06,00:00,23.59,Hirsch,1536,1591,3127,14.6,29.0,0.0,16,14.3,
869,2024-08-07,00:00,23.59,Hirsch,1271,1325,2596,17.8,27.9,4.4,60,8.0,
870,2024-08-08,00:00,23.59,Hirsch,934,952,1886,16.6,24.5,4.8,85,2.8,
871,2024-08-09,00:00,23.59,Hirsch,1052,1089,2141,14.4,27.7,0.0,73,12.6,
872,2024-08-10,00:00,23.59,Hirsch,586,595,1181,19.1,29.3,0.0,36,11.8,
873,2024-08-11,00:00,23.59,Hirsch,557,559,1116,17.0,31.3,0.0,26,13.8,
874,2024-08-12,00:00,23.59,Hirsch,1110,1179,2289,18.4,31.7,0.0,79,11.0,
875,2024-08-13,00:00,23.59,Hirsch,1028,1134,2162,18.9,32.6,1.2,35,10.9,
876,2024-08-14,00:00,23.59,Hirsch,935,960,1895,17.1,31.0,4.1,53,10.9,
877,2024-08-15,00:00,23.59,Hirsch,612,536,1148,16.7,28.2,0.0,51,13.1,
878,2024-08-16,00:00,23.59,Hirsch,610,633,1243,19.0,29.8,0.5,69,9.3,
879,2024-08-17,00:00,23.59,Hirsch,428,421,849,19.1,26.1,2.4,90,5.1,
880,2024-08-18,00:00,23.59,Hirsch,144,92,236,16.3,21.9,54.5,96,0.3,
881,2024-08-19,00:00,23.59,Hirsch,347,361,708,14.6,17.0,5.7,98,0.0,
882,2024-08-20,00:00,23.59,Hirsch,945,961,1906,15.7,20.1,0.0,78,1.0,
883,2024-08-21,00:00,23.59,Hirsch,1039,1002,2041,12.5,22.2,0.4,88,4.6,
884,2024-08-22,00:00,23.59,Hirsch,1058,1044,2102,11.2,24.4,0.0,69,12.3,
885,2024-08-23,00:00,23.59,Hirsch,838,868,1706,13.8,29.5,0.0,48,12.5,
886,2024-08-24,00:00,23.59,Hirsch,605,544,1149,14.8,31.4,0.0,19,13.1,
887,2024-08-25,00:00,23.59,Hirsch,156,132,288,11.7,23.6,6.7,88,1.0,
888,2024-08-26,00:00,23.59,Hirsch,697,699,1396,12.3,16.3,0.6,98,0.0,
889,2024-08-27,00:00,23.59,Hirsch,1159,1086,2245,12.9,24.6,0.0,63,6.3,
890,2024-08-28,00:00,23.59,Hirsch,1215,1237,2452,11.9,31.5,0.0,45,12.9,
891,2024-08-29,00:00,23.59,Hirsch,1156,1116,2272,15.6,31.2,0.0,5,12.9,
892,2024-08-30,00:00,23.59,Hirsch,889,870,1759,15.2,30.8,0.0,38,12.7,
893,2024-08-31,00:00,23.59,Hirsch,519,478,997,15.7,30.0,0.0,75,11.4,
894,2024-09-01,00:00,23.59,Hirsch,656,592,1248,17.4,29.5,0.0,73,9.4,
895,2024-09-02,00:00,23.59,Hirsch,1012,1024,2036,18.4,27.2,0.0,69,8.2,
896,2024-09-03,00:00,23.59,Hirsch,1323,1361,2684,16.8,28.9,0.0,49,11.0,
897,2024-09-04,00:00,23.59,Hirsch,1124,1215,2339,17.8,28.6,6.1,84,7.5,
898,2024-09-05,00:00,23.59,Hirsch,1235,1200,2435,16.3,30.1,0.0,61,9.3,
899,2024-09-06,00:00,23.59,Hirsch,846,874,1720,16.5,24.4,0.0,75,4.7,
900,2024-09-07,00:00,23.59,Hirsch,642,661,1303,14.5,27.9,0.0,6,12.4,
901,2024-09-08,00:00,23.59,Hirsch,582,508,1090,13.9,25.3,20.4,61,4.8,
902,2024-09-09,00:00,23.59,Hirsch,579,605,1184,13.8,18.6,2.9,86,1.3,
903,2024-09-10,00:00,23.59,Hirsch,1035,1052,2087,12.9,18.6,0.0,79,2.8,
904,2024-09-11,00:00,23.59,Hirsch,900,964,1864,8.2,18.8,9.1,83,5.3,
905,2024-09-12,00:00,23.59,Hirsch,822,845,1667,7.4,11.8,4.0,98,0.0,
906,2024-09-13,00:00,23.59,Hirsch,391,432,823,6.7,9.9,31.6,95,0.0,
907,2024-09-14,00:00,23.59,Hirsch,78,72,150,6.0,8.5,28.9,98,0.0,
908,2024-09-15,00:00,23.59,Hirsch,333,362,695,6.9,13.5,12.2,94,3.1,
909,2024-09-16,00:00,23.59,Hirsch,369,397,766,8.3,9.9,41.3,94,0.0,
910,2024-09-17,00:00,23.59,Hirsch,861,895,1756,8.5,16.9,1.0,68,5.5,
911,2024-09-18,00:00,23.59,Hirsch,1148,1172,2320,8.5,21.1,0.0,35,8.2,
912,2024-09-19,00:00,23.59,Hirsch,1261,1302,2563,10.5,21.0,0.0,3,11.5,
913,2024-09-20,00:00,23.59,Hirsch,1022,1038,2060,8.6,21.9,0.0,11,11.8,
914,2024-09-21,00:00,23.59,Hirsch,729,739,1468,8.5,23.3,0.0,14,11.7,
915,2024-09-22,00:00,23.59,Hirsch,794,829,1623,8.9,22.8,0.0,75,8.6,
916,2024-09-23,00:00,23.59,Hirsch,1207,1226,2433,12.1,22.4,21.5,81,5.2,
917,2024-09-24,00:00,23.59,Hirsch,1186,1298,2484,11.6,19.4,0.0,63,8.4,
918,2024-09-25,00:00,23.59,Hirsch,1276,1327,2603,11.6,21.6,0.3,73,8.6,
919,2024-09-26,00:00,23.59,Hirsch,732,760,1492,13.9,20.8,8.1,95,0.0,
920,2024-09-27,00:00,23.59,Hirsch,611,648,1259,10.9,19.1,7.6,81,0.8,
921,2024-09-28,00:00,23.59,Hirsch,259,276,535,7.6,13.5,2.8,93,0.7,
922,2024-09-29,00:00,23.59,Hirsch,593,558,1151,5.2,14.3,0.0,64,8.2,
923,2024-09-30,00:00,23.59,Hirsch,874,905,1779,7.0,18.4,2.1,96,3.0,
924,2024-10-01,00:00,23.59,Hirsch,980,1038,2018,11.8,17.3,6.6,96,3.4,
925,2024-10-02,00:00,23.59,Hirsch,766,854,1620,6.4,14.9,0.5,70,3.1,
926,2024-10-03,00:00,23.59,Hirsch,326,313,639,4.6,11.2,3.7,80,0.0,
927,2024-10-04,00:00,23.59,Hirsch,255,279,534,7.5,10.0,8.3,98,0.0,
928,2024-10-05,00:00,23.59,Hirsch,162,209,371,6.5,10.1,3.0,94,0.1,
929,2024-10-06,00:00,23.59,Hirsch,518,498,1016,7.3,14.6,2.2,88,6.1,
930,2024-10-07,00:00,23.59,Hirsch,1152,1165,2317,9.7,23.3,0.0,66,8.0,
931,2024-10-08,00:00,23.59,Hirsch,1065,1148,2213,10.7,20.3,12.2,93,3.9,
932,2024-10-09,00:00,23.59,Hirsch,1198,1216,2414,9.6,21.3,0.0,60,9.0,
933,2024-10-10,00:00,23.59,Hirsch,634,671,1305,10.7,17.7,4.2,94,0.2,
934,2024-10-11,00:00,23.59,Hirsch,696,736,1432,6.3,12.5,0.4,80,1.1,
935,2024-10-12,00:00,23.59,Hirsch,499,490,989,4.9,15.2,0.0,73,4.0,
936,2024-10-13,00:00,23.59,Hirsch,254,245,499,8.0,15.5,1.5,95,0.7,
937,2024-10-14,00:00,23.59,Hirsch,1000,1039,2039,6.5,18.3,2.1,86,2.1,
938,2024-10-15,00:00,23.59,Hirsch,1094,1103,2197,10.7,14.7,0.0,99,0.0,
939,2024-10-16,00:00,23.59,Hirsch,1173,1168,2341,9.2,17.2,0.0,98,2.7,
940,2024-10-17,00:00,23.59,Hirsch,1288,1282,2570,8.2,21.5,0.0,79,9.4,
941,2024-10-18,00:00,23.59,Hirsch,812,880,1692,9.0,15.2,0.4,88,1.7,
942,2024-10-19,00:00,23.59,Hirsch,562,582,1144,8.8,18.4,0.0,95,5.0,
943,2024-10-20,00:00,23.59,Hirsch,458,422,880,10.5,14.9,0.0,99,0.0,
944,2024-10-21,00:00,23.59,Hirsch,1280,1288,2568,9.9,18.6,0.0,85,9.7,
945,2024-10-22,00:00,23.59,Hirsch,1213,1230,2443,8.9,19.8,2.1,89,1.2,
946,2024-10-23,00:00,23.59,Hirsch,740,775,1515,10.6,12.8,5.5,99,0.0,
947,2024-10-24,00:00,23.59,Hirsch,1020,1062,2082,10.3,13.0,0.0,100,0.0,
948,2024-10-25,00:00,23.59,Hirsch,845,867,1712,10.2,14.2,0.0,100,1.0,
949,2024-10-26,00:00,23.59,Hirsch,438,426,864,9.2,12.0,0.0,100,0.0,
950,2024-10-27,00:00,23.59,Hirsch,469,430,899,9.2,14.6,0.0,88,5.0,
951,2024-10-28,00:00,23.59,Hirsch,934,963,1897,8.1,15.3,0.0,65,6.0,
952,2024-10-29,00:00,23.59,Hirsch,1041,1098,2139,7.2,17.2,0.1,58,9.1,
953,2024-10-30,00:00,23.59,Hirsch,912,962,1874,8.3,15.4,0.0,83,4.6,
954,2024-10-31,00:00,23.59,Hirsch,751,772,1523,9.8,11.5,0.0,100,0.0,
955,2024-11-01,00:00,23.59,Hirsch,456,439,895,5.8,17.0,0.1,54,7.5,
956,2024-11-02,00:00,23.59,Hirsch,279,323,602,5.7,9.1,0.1,99,0.0,
957,2024-11-03,00:00,23.59,Hirsch,259,258,517,7.1,8.7,0.0,100,0.0,
958,2024-11-04,00:00,23.59,Hirsch,1021,1081,2102,3.9,9.2,0.0,88,1.3,
959,2024-11-05,00:00,23.59,Hirsch,1117,1180,2297,3.2,10.8,0.0,100,3.8,
960,2024-11-06,00:00,23.59,Hirsch,1012,1098,2110,2.7,8.6,0.1,83,2.9,
961,2024-11-07,00:00,23.59,Hirsch,998,1049,2047,5.4,7.2,0.1,100,0.0,
962,2024-11-08,00:00,23.59,Hirsch,758,798,1556,3.8,6.0,0.0,100,0.0,
963,2024-11-09,00:00,23.59,Hirsch,409,406,815,3.3,7.5,0.0,99,2.1,
964,2024-11-10,00:00,23.59,Hirsch,265,252,517,2.5,5.1,0.0,100,0.0,
965,2024-11-11,00:00,23.59,Hirsch,869,926,1795,1.5,5.3,0.0,100,0.2,
966,2024-11-12,00:00,23.59,Hirsch,946,979,1925,1.7,4.1,0.0,100,0.0,
967,2024-11-13,00:00,23.59,Hirsch,825,845,1670,0.5,2.2,0.6,98,0.0,
968,2024-11-14,00:00,23.59,Hirsch,820,841,1661,0.9,6.6,0.3,86,4.2,
969,2024-11-15,00:00,23.59,Hirsch,700,729,1429,0.3,6.9,0.0,79,0.1,
970,2024-11-16,00:00,23.59,Hirsch,434,448,882,-1.4,11.1,0.0,25,8.9,
971,2024-11-17,00:00,23.59,Hirsch,293,284,577,-1.2,9.7,4.5,91,3.8,
972,2024-11-18,00:00,23.59,Hirsch,759,783,1542,3.8,9.9,0.8,93,2.7,
973,2024-11-19,00:00,23.59,Hirsch,698,743,1441,6.5,12.5,12.9,98,1.0,
974,2024-11-20,00:00,23.59,Hirsch,490,516,1006,0.4,9.7,2.3,75,5.0,
975,2024-11-21,00:00,23.59,Hirsch,606,654,1260,-1.2,3.7,6.3,95,1.2,
976,2024-11-22,00:00,23.59,Hirsch,226,243,469,-2.2,1.4,0.2,78,5.5,
977,2024-11-23,00:00,23.59,Hirsch,164,170,334,0.7,6.3,0.0,93,5.6,
978,2024-11-24,00:00,23.59,Hirsch,270,279,549,3.1,15.4,0.1,84,4.7,
979,2024-11-25,00:00,23.59,Hirsch,989,1012,2001,2.0,16.5,2.3,36,8.2,
980,2024-11-26,00:00,23.59,Hirsch,861,932,1793,5.5,11.2,0.0,88,2.4,
981,2024-11-27,00:00,23.59,Hirsch,923,956,1879,3.2,12.2,3.8,83,4.8,
982,2024-11-28,00:00,23.59,Hirsch,503,517,1020,3.7,11.7,5.5,95,0.0,
983,2024-11-29,00:00,23.59,Hirsch,636,686,1322,-0.2,6.2,0.0,58,2.3,
984,2024-11-30,00:00,23.59,Hirsch,303,319,622,-2.0,5.5,0.0,10,6.7,
985,2024-12-01,00:00,23.59,Hirsch,173,163,336,-3.3,-0.1,0.0,95,0.2,
986,2024-12-02,00:00,23.59,Hirsch,725,753,1478,-3.5,7.3,5.9,88,0.5,
987,2024-12-03,00:00,23.59,Hirsch,664,680,1344,3.5,7.3,2.5,90,2.5,
988,2024-12-04,00:00,23.59,Hirsch,702,736,1438,-0.1,3.7,0.0,89,0.0,
989,2024-12-05,00:00,23.59,Hirsch,711,767,1478,-1.2,5.1,2.9,68,6.5,
990,2024-12-06,00:00,23.59,Hirsch,361,401,762,3.5,8.8,4.9,95,0.4,
991,2024-12-07,00:00,23.59,Hirsch,192,179,371,2.0,7.2,2.4,98,0.5,
992,2024-12-08,00:00,23.59,Hirsch,197,201,398,2.6,6.3,6.1,95,0.7,
993,2024-12-09,00:00,23.59,Hirsch,548,564,1112,0.2,3.0,3.6,96,0.0,
994,2024-12-10,00:00,23.59,Hirsch,627,661,1288,0.3,2.3,0.1,96,0.0,
995,2024-12-11,00:00,23.59,Hirsch,705,724,1429,1.2,2.5,0.0,99,0.0,
996,2024-12-12,00:00,23.59,Hirsch,643,691,1334,0.3,2.1,0.0,100,0.0,
997,2024-12-13,00:00,23.59,Hirsch,535,551,1086,-0.7,1.2,0.0,100,0.0,
998,2024-12-14,00:00,23.59,Hirsch,227,236,463,-1.3,4.4,0.0,100,0.0,
999,2024-12-15,00:00,23.59,Hirsch,206,182,388,1.6,5.2,0.2,91,2.3,
1000,2024-12-16,00:00,23.59,Hirsch,773,799,1572,4.8,11.8,0.0,54,3.8,
1001,2024-12-17,00:00,23.59,Hirsch,935,926,1861,2.2,8.8,0.0,90,5.1,
1002,2024-12-18,00:00,23.59,Hirsch,831,846,1677,2.3,12.6,0.0,99,1.2,
1003,2024-12-19,00:00,23.59,Hirsch,686,746,1432,3.2,12.6,4.7,93,0.2,
1004,2024-12-20,00:00,23.59,Hirsch,416,452,868,0.8,3.3,0.4,88,0.0,
1005,2024-12-21,00:00,23.59,Hirsch,231,243,474,0.1,6.9,5.0,71,3.5,
1006,2024-12-22,00:00,23.59,Hirsch,51,67,118,0.0,6.5,12.8,80,0.6,
1007,2024-12-23,00:00,23.59,Hirsch,200,198,398,0.1,3.1,1.0,91,3.3,
1008,2024-12-24,00:00,23.59,Hirsch,82,65,147,-1.1,2.4,0.1,91,0.0,
1009,2024-12-25,00:00,23.59,Hirsch,96,82,178,-2.9,4.6,0.0,14,8.0,
1010,2024-12-26,00:00,23.59,Hirsch,81,71,152,-4.4,-0.4,0.0,81,2.2,
1011,2024-12-27,00:00,23.59,Hirsch,155,163,318,-5.0,-2.1,0.0,96,0.0,
1012,2024-12-28,00:00,23.59,Hirsch,145,132,277,-4.2,2.0,0.0,43,6.2,
1013,2024-12-29,00:00,23.59,Hirsch,125,127,252,-5.1,5.9,0.0,14,8.1,
1014,2024-12-30,00:00,23.59,Hirsch,173,179,352,-3.8,-1.7,0.0,100,0.1,
1015,2024-12-31,00:00,23.59,Hirsch,135,134,269,-4.3,2.9,0.0,49,6.9,
1016,2024-01-01,00:00,23.59,Olympia,284,272,556,3.3,7.1,0.0,76,5.2,
1017,2024-01-02,00:00,23.59,Olympia,318,327,645,3.0,11.1,1.0,94,0.0,
1018,2024-01-03,00:00,23.59,Olympia,446,457,903,7.1,13.0,1.6,74,3.8,
1019,2024-01-04,00:00,23.59,Olympia,465,444,909,4.3,9.1,0.0,91,1.5,
1020,2024-01-05,00:00,23.59,Olympia,390,367,757,2.2,8.6,12.7,95,0.0,
1021,2024-01-06,00:00,23.59,Olympia,225,210,435,0.4,5.0,15.3,96,0.0,
1022,2024-01-07,00:00,23.59,Olympia,170,152,322,-4.0,0.5,7.3,94,0.0,
1023,2024-01-08,00:00,23.59,Olympia,306,260,566,-5.7,-2.9,0.0,94,0.0,
1024,2024-01-09,00:00,23.59,Olympia,304,288,592,-7.9,-4.5,0.0,53,4.0,
1025,2024-01-10,00:00,23.59,Olympia,298,269,567,-6.8,-3.4,0.0,95,4.5,
1026,2024-01-11,00:00,23.59,Olympia,344,314,658,-7.1,-4.7,0.0,100,0.0,
1027,2024-01-12,00:00,23.59,Olympia,311,294,605,-5.8,-2.6,0.0,68,6.5,
1028,2024-01-13,00:00,23.59,Olympia,205,200,405,-6.9,-3.7,0.0,99,0.0,
1029,2024-01-14,00:00,23.59,Olympia,291,264,555,-5.4,1.0,0.0,85,6.9,
1030,2024-01-15,00:00,23.59,Olympia,495,448,943,-2.9,1.8,1.7,75,1.5,
1031,2024-01-16,00:00,23.59,Olympia,423,403,826,-5.3,0.6,1.7,81,2.0,
1032,2024-01-17,00:00,23.59,Olympia,265,276,541,-5.2,8.8,9.7,96,0.0,
1033,2024-01-18,00:00,23.59,Olympia,443,437,880,-1.8,11.3,3.6,95,1.0,
1034,2024-01-19,00:00,23.59,Olympia,315,298,613,-5.4,-0.3,0.0,59,2.4,
1035,2024-01-20,00:00,23.59,Olympia,231,209,440,-8.6,1.5,0.0,8,8.8,
1036,2024-01-21,00:00,23.59,Olympia,291,264,555,-7.9,4.8,0.0,56,7.3,
1037,2024-01-22,00:00,23.59,Olympia,466,471,937,-2.7,10.8,5.3,88,0.4,
1038,2024-01-23,00:00,23.59,Olympia,605,577,1182,3.3,7.5,2.2,79,2.1,
1039,2024-01-24,00:00,23.59,Olympia,518,522,1040,6.0,14.2,3.0,98,0.5,
1040,2024-01-25,00:00,23.59,Olympia,684,709,1393,6.5,9.6,0.5,93,3.7,
1041,2024-01-26,00:00,23.59,Olympia,480,451,931,2.7,11.9,5.4,88,0.5,
1042,2024-01-27,00:00,23.59,Olympia,579,571,1150,0.1,6.8,0.0,14,8.9,
1043,2024-01-28,00:00,23.59,Olympia,597,569,1166,-1.8,10.3,0.0,9,9.1,
1044,2024-01-29,00:00,23.59,Olympia,771,766,1537,-2.6,12.4,0.0,60,8.7,
1045,2024-01-30,00:00,23.59,Olympia,906,928,1834,-1.5,14.1,0.0,88,7.8,
1046,2024-01-31,00:00,23.59,Olympia,930,897,1827,2.8,11.7,0.0,68,5.4,
1047,2024-02-01,00:00,23.59,Olympia,615,625,1240,4.5,8.4,5.5,91,0.0,
1048,2024-02-02,00:00,23.59,Olympia,624,641,1265,3.9,9.2,0.1,98,0.0,
1049,2024-02-03,00:00,23.59,Olympia,796,770,1566,5.7,13.3,0.3,31,9.1,
1050,2024-02-04,00:00,23.59,Olympia,564,558,1122,5.4,11.0,0.2,99,1.5,
1051,2024-02-05,00:00,23.59,Olympia,1002,1013,2015,5.4,14.6,0.0,61,7.7,
1052,2024-02-06,00:00,23.59,Olympia,1006,1077,2083,4.3,11.8,0.0,70,9.3,
1053,2024-02-07,00:00,23.59,Olympia,811,825,1636,5.0,11.1,1.6,83,3.8,
1054,2024-02-08,00:00,23.59,Olympia,721,716,1437,6.9,13.3,0.1,99,0.6,
1055,2024-02-09,00:00,23.59,Olympia,742,732,1474,7.7,13.1,0.0,94,0.3,
1056,2024-02-10,00:00,23.59,Olympia,576,563,1139,4.8,14.5,1.7,99,0.1,
1057,2024-02-11,00:00,23.59,Olympia,318,342,660,4.0,9.8,2.4,96,0.0,
1058,2024-02-12,00:00,23.59,Olympia,663,697,1360,4.4,9.5,1.4,96,1.3,
1059,2024-02-13,00:00,23.59,Olympia,804,773,1577,3.5,9.7,0.0,79,7.3,
1060,2024-02-14,00:00,23.59,Olympia,768,789,1557,3.4,13.7,0.1,99,2.5,
1061,2024-02-15,00:00,23.59,Olympia,1027,1021,2048,5.5,16.1,0.0,88,7.4,
1062,2024-02-16,00:00,23.59,Olympia,940,966,1906,5.1,18.0,6.1,96,5.7,
1063,2024-02-17,00:00,23.59,Olympia,630,601,1231,7.3,11.9,1.3,86,0.8,
1064,2024-02-18,00:00,23.59,Olympia,940,839,1779,5.2,13.7,2.7,83,6.1,
1065,2024-02-19,00:00,23.59,Olympia,683,690,1373,6.8,9.9,2.3,96,2.2,
1066,2024-02-20,00:00,23.59,Olympia,771,764,1535,4.5,8.3,1.0,94,2.0,
1067,2024-02-21,00:00,23.59,Olympia,996,1044,2040,4.0,13.7,0.6,95,7.7,
1068,2024-02-22,00:00,23.59,Olympia,527,577,1104,7.9,11.5,11.1,98,0.0,
1069,2024-02-23,00:00,23.59,Olympia,624,636,1260,2.8,7.8,0.0,89,0.1,
1070,2024-02-24,00:00,23.59,Olympia,648,706,1354,-0.3,8.7,0.0,71,6.5,
1071,2024-02-25,00:00,23.59,Olympia,907,831,1738,3.4,11.9,0.0,49,8.1,
1072,2024-02-26,00:00,23.59,Olympia,847,895,1742,1.5,12.9,0.0,96,3.9,
1073,2024-02-27,00:00,23.59,Olympia,895,897,1792,3.0,8.0,0.0,99,1.1,
1074,2024-02-28,00:00,23.59,Olympia,791,863,1654,4.5,6.4,0.0,99,0.0,
1075,2024-02-29,00:00,23.59,Olympia,874,925,1799,2.8,9.4,0.0,66,3.1,
1076,2024-03-01,00:00,23.59,Olympia,668,643,1311,1.3,8.6,0.5,91,0.0,
1077,2024-03-02,00:00,23.59,Olympia,826,842,1668,4.3,13.0,0.0,78,8.7,
1078,2024-03-03,00:00,23.59,Olympia,1108,1027,2135,2.0,18.9,0.0,93,8.4,
1079,2024-03-04,00:00,23.59,Olympia,797,874,1671,4.5,9.6,0.0,86,0.0,
1080,2024-03-05,00:00,23.59,Olympia,825,838,1663,5.4,9.7,7.5,100,0.0,
1081,2024-03-06,00:00,23.59,Olympia,461,511,972,3.2,5.8,6.3,99,0.0,
1082,2024-03-07,00:00,23.59,Olympia,866,880,1746,0.9,6.8,0.0,78,0.3,
1083,2024-03-08,00:00,23.59,Olympia,899,925,1824,-0.4,9.9,0.0,25,8.8,
1084,2024-03-09,00:00,23.59,Olympia,1055,1064,2119,-0.2,16.1,0.0,71,8.8,
1085,2024-03-10,00:00,23.59,Olympia,948,882,1830,5.7,18.8,0.1,95,2.7,
1086,2024-03-11,00:00,23.59,Olympia,993,1039,2032,2.4,13.0,0.0,71,6.9,
1087,2024-03-12,00:00,23.59,Olympia,873,933,1806,5.8,10.2,2.3,94,1.2,
1088,2024-03-13,00:00,23.59,Olympia,761,797,1558,4.3,10.7,0.3,98,0.2,
1089,2024-03-14,00:00,23.59,Olympia,1125,1114,2239,5.8,16.5,0.0,98,8.1,
1090,2024-03-15,00:00,23.59,Olympia,888,879,1767,8.4,17.5,1.8,95,5.3,
1091,2024-03-16,00:00,23.59,Olympia,587,559,1146,7.5,13.4,2.3,90,2.8,
1092,2024-03-17,00:00,23.59,Olympia,1280,1086,2366,6.6,14.1,0.0,94,3.4,
1093,2024-03-18,00:00,23.59,Olympia,614,666,1280,7.5,11.6,9.7,98,0.0,
1094,2024-03-19,00:00,23.59,Olympia,1121,1184,2305,7.1,15.0,0.0,86,5.7,
1095,2024-03-20,00:00,23.59,Olympia,1509,1552,3061,3.3,17.3,0.0,93,10.3,
1096,2024-03-21,00:00,23.59,Olympia,767,785,1552,7.3,14.7,5.5,93,2.1,
1097,2024-03-22,00:00,23.59,Olympia,1310,1369,2679,6.4,17.8,0.0,96,9.3,
1098,2024-03-23,00:00,23.59,Olympia,300,317,617,3.0,14.5,9.3,74,2.1,
1099,2024-03-24,00:00,23.59,Olympia,319,316,635,1.9,6.1,3.3,93,2.7,
1100,2024-03-25,00:00,23.59,Olympia,1081,1092,2173,2.4,11.6,0.0,68,9.8,
1101,2024-03-26,00:00,23.59,Olympia,1204,1248,2452,0.9,15.4,0.0,85,8.3,
1102,2024-03-27,00:00,23.59,Olympia,870,883,1753,4.0,22.2,6.6,96,4.2,
1103,2024-03-28,00:00,23.59,Olympia,572,596,1168,3.2,12.0,1.4,51,4.2,
1104,2024-03-29,00:00,23.59,Olympia,1104,1066,2170,3.8,23.0,0.0,84,7.3,
1105,2024-03-30,00:00,23.59,Olympia,822,864,1686,11.1,24.0,0.0,80,7.3,
1106,2024-03-31,00:00,23.59,Olympia,1025,976,2001,7.6,22.5,0.0,88,4.7,
1107,2024-04-01,00:00,23.59,Olympia,262,295,557,7.7,16.4,0.7,99,0.0,
1108,2024-04-02,00:00,23.59,Olympia,865,912,1777,7.3,13.4,0.0,63,7.2,
1109,2024-04-03,00:00,23.59,Olympia,772,803,1575,5.2,14.0,2.9,81,1.4,
1110,2024-04-04,00:00,23.59,Olympia,855,932,1787,10.4,17.6,3.7,93,3.9,
1111,2024-04-05,00:00,23.59,Olympia,1195,1265,2460,10.4,24.5,0.0,95,6.9,
1112,2024-04-06,00:00,23.59,Olympia,1520,1544,3064,12.6,27.1,0.0,81,11.5,
1113,2024-04-07,00:00,23.59,Olympia,1636,1588,3224,12.0,26.5,0.0,85,6.7,
1114,2024-04-08,00:00,23.59,Olympia,1588,1691,3279,13.2,28.9,0.0,38,8.5,
1115,2024-04-09,00:00,23.59,Olympia,1172,1223,2395,5.9,21.1,3.6,81,0.9,
1116,2024-04-10,00:00,23.59,Olympia,987,1029,2016,4.9,11.9,0.0,86,2.4,
1117,2024-04-11,00:00,23.59,Olympia,1461,1546,3007,3.4,15.6,0.0,13,10.4,
1118,2024-04-12,00:00,23.59,Olympia,1523,1558,3081,5.9,20.0,0.0,56,12.3,
1119,2024-04-13,00:00,23.59,Olympia,1647,1654,3301,8.0,25.0,0.0,81,11.2,
1120,2024-04-14,00:00,23.59,Olympia,1644,1639,3283,9.7,25.6,0.4,94,12.0,
1121,2024-04-15,00:00,23.59,Olympia,865,879,1744,5.4,16.1,9.5,94,1.9,
1122,2024-04-16,00:00,23.59,Olympia,881,920,1801,2.7,11.4,8.9,84,4.2,
1123,2024-04-17,00:00,23.59,Olympia,592,606,1198,1.1,9.4,4.9,94,1.5,
1124,2024-04-18,00:00,23.59,Olympia,673,719,1392,0.9,8.4,4.2,90,3.2,
1125,2024-04-19,00:00,23.59,Olympia,522,563,1085,2.5,7.1,2.0,96,1.1,
1126,2024-04-20,00:00,23.59,Olympia,546,505,1051,2.5,8.3,1.4,94,3.1,
1127,2024-04-21,00:00,23.59,Olympia,341,326,667,0.5,6.3,7.7,96,0.7,
1128,2024-04-22,00:00,23.59,Olympia,845,905,1750,0.4,6.8,0.1,96,0.6,
1129,2024-04-23,00:00,23.59,Olympia,735,779,1514,1.3,3.6,0.7,94,0.0,
1130,2024-04-24,00:00,23.59,Olympia,880,916,1796,2.0,9.3,1.0,88,3.1,
1131,2024-04-25,00:00,23.59,Olympia,997,1054,2051,2.0,10.1,0.0,83,5.0,
1132,2024-04-26,00:00,23.59,Olympia,3563,2290,5853,0.7,17.3,0.0,54,10.0,
1133,2024-04-27,00:00,23.59,Olympia,5015,3057,8072,3.6,21.5,0.0,36,12.5,
1134,2024-04-28,00:00,23.59,Olympia,4753,2666,7419,10.8,24.9,0.0,95,7.0,
1135,2024-04-29,00:00,23.59,Olympia,1790,1935,3725,7.9,22.8,0.0,80,12.9,
1136,2024-04-30,00:00,23.59,Olympia,1707,1879,3586,10.1,28.3,0.0,40,11.5,
1137,2024-05-01,00:00,23.59,Olympia,1904,1819,3723,9.7,25.1,0.0,55,12.2,
1138,2024-05-02,00:00,23.59,Olympia,1334,1392,2726,10.9,24.1,1.0,80,3.9,
1139,2024-05-03,00:00,23.59,Olympia,886,949,1835,9.1,12.6,0.7,98,0.0,
1140,2024-05-04,00:00,23.59,Olympia,1712,1826,3538,7.1,19.4,0.0,78,11.2,
1141,2024-05-05,00:00,23.59,Olympia,1677,1787,3464,10.2,21.0,0.6,99,6.7,
1142,2024-05-06,00:00,23.59,Olympia,1120,1126,2246,9.2,22.7,24.9,86,8.0,
1143,2024-05-07,00:00,23.59,Olympia,1243,1301,2544,10.7,16.9,3.5,100,0.3,
1144,2024-05-08,00:00,23.59,Olympia,643,633,1276,9.3,10.8,6.2,98,0.0,
1145,2024-05-09,00:00,23.59,Olympia,1436,1308,2744,7.3,17.6,0.0,63,6.6,
1146,2024-05-10,00:00,23.59,Olympia,1464,1573,3037,5.9,20.4,0.0,43,13.8,
1147,2024-05-11,00:00,23.59,Olympia,1496,1468,2964,6.9,21.8,0.0,73,14.1,
1148,2024-05-12,00:00,23.59,Olympia,1687,1643,3330,7.8,23.1,0.0,13,14.4,
1149,2024-05-13,00:00,23.59,Olympia,1956,2044,4000,9.2,23.4,0.0,24,11.1,
1150,2024-05-14,00:00,23.59,Olympia,2184,2330,4514,9.7,24.2,0.0,9,14.5,
1151,2024-05-15,00:00,23.59,Olympia,1523,1578,3101,10.2,23.7,2.0,98,7.4,
1152,2024-05-16,00:00,23.59,Olympia,1559,1605,3164,13.0,24.1,4.0,86,8.2,
1153,2024-05-17,00:00,23.59,Olympia,857,840,1697,9.8,15.5,0.0,100,1.2,
1154,2024-05-18,00:00,23.59,Olympia,1645,1648,3293,10.7,22.4,10.2,71,9.7,
1155,2024-05-19,00:00,23.59,Olympia,1981,1943,3924,11.2,21.7,2.6,73,10.6,
1156,2024-05-20,00:00,23.59,Olympia,2324,2163,4487,9.7,24.0,0.6,51,14.0,
1157,2024-05-21,00:00,23.59,Olympia,718,726,1444,12.2,22.7,5.8,99,0.1,
1158,2024-05-22,00:00,23.59,Olympia,1331,1374,2705,11.8,19.7,1.3,85,5.3,
1159,2024-05-23,00:00,23.59,Olympia,914,962,1876,9.3,21.3,16.8,86,4.6,
1160,2024-05-24,00:00,23.59,Olympia,1766,1447,3213,8.8,19.1,8.7,88,8.0,
1161,2024-05-25,00:00,23.59,Olympia,1109,1208,2317,9.2,20.0,0.0,86,4.8,
1162,2024-05-26,00:00,23.59,Olympia,2800,2047,4847,9.7,23.4,0.0,55,10.9,
1163,2024-05-27,00:00,23.59,Olympia,1424,1444,2868,13.3,22.7,25.0,94,6.7,
1164,2024-05-28,00:00,23.59,Olympia,1065,1117,2182,10.5,16.7,0.0,84,3.4,
1165,2024-05-29,00:00,23.59,Olympia,1291,1322,2613,9.5,22.1,7.8,96,7.5,
1166,2024-05-30,00:00,23.59,Olympia,779,744,1523,12.5,20.8,16.6,96,3.8,
1167,2024-05-31,00:00,23.59,Olympia,209,207,416,9.5,12.6,66.9,96,0.0,
1168,2024-06-01,00:00,23.59,Olympia,114,125,239,10.2,12.4,42.5,95,0.0,
1169,2024-06-02,00:00,23.59,Olympia,679,714,1393,11.3,19.3,1.5,86,2.1,
1170,2024-06-03,00:00,23.59,Olympia,638,658,1296,12.9,16.1,14.0,98,0.1,
1171,2024-06-04,00:00,23.59,Olympia,1873,1944,3817,12.2,21.5,0.0,51,9.7,
1172,2024-06-05,00:00,23.59,Olympia,1952,1967,3919,12.3,24.7,0.0,76,8.7,
1173,2024-06-06,00:00,23.59,Olympia,1969,1963,3932,13.4,26.3,0.9,69,10.9,
1174,2024-06-07,00:00,23.59,Olympia,1538,1506,3044,15.1,23.3,2.6,65,7.0,
1175,2024-06-08,00:00,23.59,Olympia,1318,1343,2661,13.6,27.2,7.1,78,8.7,
1176,2024-06-09,00:00,23.59,Olympia,1494,1032,2526,15.4,21.9,13.3,95,1.9,
1177,2024-06-10,00:00,23.59,Olympia,1408,1481,2889,13.6,21.6,0.8,81,5.6,
1178,2024-06-11,00:00,23.59,Olympia,1531,1542,3073,10.0,15.1,0.0,100,0.0,
1179,2024-06-12,00:00,23.59,Olympia,2859,2261,5120,10.7,18.6,0.0,88,4.5,
1180,2024-06-13,00:00,23.59,Olympia,1897,2034,3931,10.9,19.4,0.0,58,11.3,
1181,2024-06-14,00:00,23.59,Olympia,2579,1995,4574,9.1,21.9,0.0,89,4.1,
1182,2024-06-15,00:00,23.59,Olympia,1442,1208,2650,13.3,19.3,0.1,96,2.3,
1183,2024-06-16,00:00,23.59,Olympia,2896,2247,5143,13.5,23.2,0.3,83,5.4,
1184,2024-06-17,00:00,23.59,Olympia,2067,1726,3793,13.6,27.6,2.9,94,7.9,
1185,2024-06-18,00:00,23.59,Olympia,2330,1926,4256,14.5,30.3,0.0,70,14.1,
1186,2024-06-19,00:00,23.59,Olympia,2625,2161,4786,18.3,30.0,0.0,30,14.7,
1187,2024-06-20,00:00,23.59,Olympia,2076,1804,3880,16.6,26.0,0.0,71,6.7,
1188,2024-06-21,00:00,23.59,Olympia,1197,983,2180,13.6,24.3,21.0,96,2.8,
1189,2024-06-22,00:00,23.59,Olympia,1697,1009,2706,12.2,23.9,18.1,76,8.7,
1190,2024-06-23,00:00,23.59,Olympia,2137,1610,3747,11.9,22.2,0.0,68,5.3,
1191,2024-06-24,00:00,23.59,Olympia,2297,1842,4139,15.0,26.0,0.0,20,14.0,
1192,2024-06-25,00:00,23.59,Olympia,2717,2379,5096,15.9,27.7,0.0,11,15.3,
1193,2024-06-26,00:00,23.59,Olympia,1413,1173,2586,16.4,27.7,9.1,85,7.4,
1194,2024-06-27,00:00,23.59,Olympia,1792,1477,3269,16.3,26.7,0.0,76,7.5,
1195,2024-06-28,00:00,23.59,Olympia,2096,1716,3812,19.9,30.0,0.0,63,12.4,
1196,2024-06-29,00:00,23.59,Olympia,2398,1662,4060,18.6,33.7,0.0,55,10.1,
1197,2024-06-30,00:00,23.59,Olympia,1629,1351,2980,16.3,25.5,0.1,98,2.1,
1198,2024-07-01,00:00,23.59,Olympia,1251,1064,2315,14.3,23.7,8.3,95,5.1,
1199,2024-07-02,00:00,23.59,Olympia,2288,1864,4152,12.4,19.5,3.5,94,2.5,
1200,2024-07-03,00:00,23.59,Olympia,761,678,1439,11.3,18.0,7.0,98,1.9,
1201,2024-07-04,00:00,23.59,Olympia,1784,1387,3171,11.4,22.3,0.6,96,4.6,
1202,2024-07-05,00:00,23.59,Olympia,2538,1800,4338,14.7,25.3,0.0,90,10.8,
1203,2024-07-06,00:00,23.59,Olympia,1169,867,2036,15.7,32.0,17.6,73,9.2,
1204,2024-07-07,00:00,23.59,Olympia,597,513,1110,12.9,16.6,6.7,100,0.0,
1205,2024-07-08,00:00,23.59,Olympia,1849,1481,3330,15.5,24.0,0.3,66,7.7,
1206,2024-07-09,00:00,23.59,Olympia,2837,2387,5224,14.6,30.5,0.5,50,13.7,
1207,2024-07-10,00:00,23.59,Olympia,1812,1523,3335,19.6,29.0,1.6,71,8.2,
1208,2024-07-11,00:00,23.59,Olympia,1858,1506,3364,18.4,27.9,0.7,81,6.0,
1209,2024-07-12,00:00,23.59,Olympia,1288,1022,2310,16.5,26.6,6.3,98,6.4,
1210,2024-07-13,00:00,23.59,Olympia,1411,991,2402,15.9,20.0,0.0,96,2.7,
1211,2024-07-14,00:00,23.59,Olympia,2629,2016,4645,15.1,27.3,0.0,85,8.3,
1212,2024-07-15,00:00,23.59,Olympia,2142,1573,3715,15.4,31.5,12.8,73,14.0,
1213,2024-07-16,00:00,23.59,Olympia,1575,1239,2814,17.8,26.5,0.7,50,2.4,
1214,2024-07-17,00:00,23.59,Olympia,3743,3177,6920,16.0,22.6,0.0,89,0.6,
1215,2024-07-18,00:00,23.59,Olympia,2341,2171,4512,15.0,27.4,0.0,34,13.4,
1216,2024-07-19,00:00,23.59,Olympia,2036,2001,4037,17.0,30.1,0.0,71,12.1,
1217,2024-07-20,00:00,23.59,Olympia,411,320,731,18.0,28.7,10.9,76,6.5,
1218,2024-07-21,00:00,23.59,Olympia,1589,1484,3073,16.7,30.5,6.9,44,10.7,
1219,2024-07-22,00:00,23.59,Olympia,1401,1372,2773,17.3,25.3,3.6,80,4.6,
1220,2024-07-23,00:00,23.59,Olympia,1757,1698,3455,16.1,25.6,6.5,85,6.8,
1221,2024-07-24,00:00,23.59,Olympia,1750,1343,3093,16.2,23.5,0.0,63,9.7,
1222,2024-07-25,00:00,23.59,Olympia,1763,1303,3066,13.9,25.8,0.0,54,12.5,
1223,2024-07-26,00:00,23.59,Olympia,1663,1186,2849,14.2,28.1,0.0,88,14.1,
1224,2024-07-27,00:00,23.59,Olympia,2906,1466,4372,17.0,31.9,6.4,64,12.4,
1225,2024-07-28,00:00,23.59,Olympia,2568,1357,3925,14.0,24.1,3.4,58,7.1,
1226,2024-07-29,00:00,23.59,Olympia,1789,1834,3623,12.5,26.7,0.0,0,14.7,
1227,2024-07-30,00:00,23.59,Olympia,1941,1920,3861,13.0,30.3,0.0,25,14.3,
1228,2024-07-31,00:00,23.59,Olympia,1684,1703,3387,17.8,33.3,5.0,31,12.1,
1229,2024-08-01,00:00,23.59,Olympia,1532,1498,3030,18.0,28.4,3.2,75,9.2,
1230,2024-08-02,00:00,23.59,Olympia,1627,1602,3229,17.9,24.6,21.7,76,6.2,
1231,2024-08-03,00:00,23.59,Olympia,2339,2153,4492,15.9,26.5,4.4,90,6.5,
1232,2024-08-04,00:00,23.59,Olympia,2906,2665,5571,16.8,25.1,0.0,94,6.8,
1233,2024-08-05,00:00,23.59,Olympia,1537,1229,2766,15.9,24.8,0.2,78,6.5,
1234,2024-08-06,00:00,23.59,Olympia,1736,1223,2959,14.6,29.0,0.0,16,14.3,
1235,2024-08-07,00:00,23.59,Olympia,1483,1408,2891,17.8,27.9,4.4,60,8.0,
1236,2024-08-08,00:00,23.59,Olympia,1065,1087,2152,16.6,24.5,4.8,85,2.8,
1237,2024-08-09,00:00,23.59,Olympia,1760,1684,3444,14.4,27.7,0.0,73,12.6,
1238,2024-08-10,00:00,23.59,Olympia,1697,1655,3352,19.1,29.3,0.0,36,11.8,
1239,2024-08-11,00:00,23.59,Olympia,1717,1677,3394,17.0,31.3,0.0,26,13.8,
1240,2024-08-12,00:00,23.59,Olympia,1663,1652,3315,18.4,31.7,0.0,79,11.0,
1241,2024-08-13,00:00,23.59,Olympia,1294,1338,2632,18.9,32.6,1.2,35,10.9,
1242,2024-08-14,00:00,23.59,Olympia,1262,1224,2486,17.1,31.0,4.1,53,10.9,
1243,2024-08-15,00:00,23.59,Olympia,3405,1376,4781,16.7,28.2,0.0,51,13.1,
1244,2024-08-16,00:00,23.59,Olympia,1357,1400,2757,19.0,29.8,0.5,69,9.3,
1245,2024-08-17,00:00,23.59,Olympia,2393,1158,3551,19.1,26.1,2.4,90,5.1,
1246,2024-08-18,00:00,23.59,Olympia,732,498,1230,16.3,21.9,54.5,96,0.3,
1247,2024-08-19,00:00,23.59,Olympia,423,453,876,14.6,17.0,5.7,98,0.0,
1248,2024-08-20,00:00,23.59,Olympia,1393,1308,2701,15.7,20.1,0.0,78,1.0,
1249,2024-08-21,00:00,23.59,Olympia,1505,1479,2984,12.5,22.2,0.4,88,4.6,
1250,2024-08-22,00:00,23.59,Olympia,1858,1767,3625,11.2,24.4,0.0,69,12.3,
1251,2024-08-23,00:00,23.59,Olympia,2515,1756,4271,13.8,29.5,0.0,48,12.5,
1252,2024-08-24,00:00,23.59,Olympia,1384,1434,2818,14.8,31.4,0.0,19,13.1,
1253,2024-08-25,00:00,23.59,Olympia,390,403,793,11.7,23.6,6.7,88,1.0,
1254,2024-08-26,00:00,23.59,Olympia,758,738,1496,12.3,16.3,0.6,98,0.0,
1255,2024-08-27,00:00,23.59,Olympia,1191,1221,2412,12.9,24.6,0.0,63,6.3,
1256,2024-08-28,00:00,23.59,Olympia,1505,1488,2993,11.9,31.5,0.0,45,12.9,
1257,2024-08-29,00:00,23.59,Olympia,1437,1532,2969,15.6,31.2,0.0,5,12.9,
1258,2024-08-30,00:00,23.59,Olympia,1218,1251,2469,15.2,30.8,0.0,38,12.7,
1259,2024-08-31,00:00,23.59,Olympia,1209,1213,2422,15.7,30.0,0.0,75,11.4,
1260,2024-09-01,00:00,23.59,Olympia,1244,1269,2513,17.4,29.5,0.0,73,9.4,
1261,2024-09-02,00:00,23.59,Olympia,1375,1298,2673,18.4,27.2,0.0,69,8.2,
1262,2024-09-03,00:00,23.59,Olympia,1536,1521,3057,16.8,28.9,0.0,49,11.0,
1263,2024-09-04,00:00,23.59,Olympia,1266,1295,2561,17.8,28.6,6.1,84,7.5,
1264,2024-09-05,00:00,23.59,Olympia,1401,1363,2764,16.3,30.1,0.0,61,9.3,
1265,2024-09-06,00:00,23.59,Olympia,1016,963,1979,16.5,24.4,0.0,75,4.7,
1266,2024-09-07,00:00,23.59,Olympia,1451,982,2433,14.5,27.9,0.0,6,12.4,
1267,2024-09-08,00:00,23.59,Olympia,1070,621,1691,13.9,25.3,20.4,61,4.8,
1268,2024-09-09,00:00,23.59,Olympia,611,634,1245,13.8,18.6,2.9,86,1.3,
1269,2024-09-10,00:00,23.59,Olympia,1043,1064,2107,12.9,18.6,0.0,79,2.8,
1270,2024-09-11,00:00,23.59,Olympia,955,995,1950,8.2,18.8,9.1,83,5.3,
1271,2024-09-12,00:00,23.59,Olympia,833,828,1661,7.4,11.8,4.0,98,0.0,
1272,2024-09-13,00:00,23.59,Olympia,509,538,1047,6.7,9.9,31.6,95,0.0,
1273,2024-09-14,00:00,23.59,Olympia,163,158,321,6.0,8.5,28.9,98,0.0,
1274,2024-09-15,00:00,23.59,Olympia,650,674,1324,6.9,13.5,12.2,94,3.1,
1275,2024-09-16,00:00,23.59,Olympia,369,378,747,8.3,9.9,41.3,94,0.0,
1276,2024-09-17,00:00,23.59,Olympia,1211,1270,2481,8.5,16.9,1.0,68,5.5,
1277,2024-09-18,00:00,23.59,Olympia,1224,1320,2544,8.5,21.1,0.0,35,8.2,
1278,2024-09-19,00:00,23.59,Olympia,1328,1401,2729,10.5,21.0,0.0,3,11.5,
1279,2024-09-20,00:00,23.59,Olympia,1393,1460,2853,8.6,21.9,0.0,11,11.8,
1280,2024-09-21,00:00,23.59,Olympia,1081,1207,2288,8.5,23.3,0.0,14,11.7,
1281,2024-09-22,00:00,23.59,Olympia,1176,1214,2390,8.9,22.8,0.0,75,8.6,
1282,2024-09-23,00:00,23.59,Olympia,1279,1244,2523,12.1,22.4,21.5,81,5.2,
1283,2024-09-24,00:00,23.59,Olympia,1257,1305,2562,11.6,19.4,0.0,63,8.4,
1284,2024-09-25,00:00,23.59,Olympia,1344,1382,2726,11.6,21.6,0.3,73,8.6,
1285,2024-09-26,00:00,23.59,Olympia,826,776,1602,13.9,20.8,8.1,95,0.0,
1286,2024-09-27,00:00,23.59,Olympia,703,733,1436,10.9,19.1,7.6,81,0.8,
1287,2024-09-28,00:00,23.59,Olympia,437,431,868,7.6,13.5,2.8,93,0.7,
1288,2024-09-29,00:00,23.59,Olympia,838,863,1701,5.2,14.3,0.0,64,8.2,
1289,2024-09-30,00:00,23.59,Olympia,826,947,1773,7.0,18.4,2.1,96,3.0,
1290,2024-10-01,00:00,23.59,Olympia,843,937,1780,11.8,17.3,6.6,96,3.4,
1291,2024-10-02,00:00,23.59,Olympia,748,791,1539,6.4,14.9,0.5,70,3.1,
1292,2024-10-03,00:00,23.59,Olympia,602,639,1241,4.6,11.2,3.7,80,0.0,
1293,2024-10-04,00:00,23.59,Olympia,362,358,720,7.5,10.0,8.3,98,0.0,
1294,2024-10-05,00:00,23.59,Olympia,312,307,619,6.5,10.1,3.0,94,0.1,
1295,2024-10-06,00:00,23.59,Olympia,1205,1052,2257,7.3,14.6,2.2,88,6.1,
1296,2024-10-07,00:00,23.59,Olympia,1251,1295,2546,9.7,23.3,0.0,66,8.0,
1297,2024-10-08,00:00,23.59,Olympia,1107,1189,2296,10.7,20.3,12.2,93,3.9,
1298,2024-10-09,00:00,23.59,Olympia,1308,1320,2628,9.6,21.3,0.0,60,9.0,
1299,2024-10-10,00:00,23.59,Olympia,734,745,1479,10.7,17.7,4.2,94,0.2,
1300,2024-10-11,00:00,23.59,Olympia,1051,1113,2164,6.3,12.5,0.4,80,1.1,
1301,2024-10-12,00:00,23.59,Olympia,1252,1196,2448,4.9,15.2,0.0,73,4.0,
1302,2024-10-13,00:00,23.59,Olympia,1076,607,1683,8.0,15.5,1.5,95,0.7,
1303,2024-10-14,00:00,23.59,Olympia,1149,1122,2271,6.5,18.3,2.1,86,2.1,
1304,2024-10-15,00:00,23.59,Olympia,1203,1206,2409,10.7,14.7,0.0,99,0.0,
1305,2024-10-16,00:00,23.59,Olympia,1336,1395,2731,9.2,17.2,0.0,98,2.7,
1306,2024-10-17,00:00,23.59,Olympia,1618,1679,3297,8.2,21.5,0.0,79,9.4,
1307,2024-10-18,00:00,23.59,Olympia,1228,1330,2558,9.0,15.2,0.4,88,1.7,
1308,2024-10-19,00:00,23.59,Olympia,885,888,1773,8.8,18.4,0.0,95,5.0,
1309,2024-10-20,00:00,23.59,Olympia,802,747,1549,10.5,14.9,0.0,99,0.0,
1310,2024-10-21,00:00,23.59,Olympia,1542,1640,3182,9.9,18.6,0.0,85,9.7,
1311,2024-10-22,00:00,23.59,Olympia,1326,1427,2753,8.9,19.8,2.1,89,1.2,
1312,2024-10-23,00:00,23.59,Olympia,904,967,1871,10.6,12.8,5.5,99,0.0,
1313,2024-10-24,00:00,23.59,Olympia,1127,1190,2317,10.3,13.0,0.0,100,0.0,
1314,2024-10-25,00:00,23.59,Olympia,1107,1153,2260,10.2,14.2,0.0,100,1.0,
1315,2024-10-26,00:00,23.59,Olympia,630,687,1317,9.2,12.0,0.0,100,0.0,
1316,2024-10-27,00:00,23.59,Olympia,900,856,1756,9.2,14.6,0.0,88,5.0,
1317,2024-10-28,00:00,23.59,Olympia,1242,1247,2489,8.1,15.3,0.0,65,6.0,
1318,2024-10-29,00:00,23.59,Olympia,1363,1433,2796,7.2,17.2,0.1,58,9.1,
1319,2024-10-30,00:00,23.59,Olympia,1135,1193,2328,8.3,15.4,0.0,83,4.6,
1320,2024-10-31,00:00,23.59,Olympia,916,961,1877,9.8,11.5,0.0,100,0.0,
1321,2024-11-01,00:00,23.59,Olympia,957,891,1848,5.8,17.0,0.1,54,7.5,
1322,2024-11-02,00:00,23.59,Olympia,543,541,1084,5.7,9.1,0.1,99,0.0,
1323,2024-11-03,00:00,23.59,Olympia,544,518,1062,7.1,8.7,0.0,100,0.0,
1324,2024-11-04,00:00,23.59,Olympia,1192,1241,2433,3.9,9.2,0.0,88,1.3,
1325,2024-11-05,00:00,23.59,Olympia,1227,1293,2520,3.2,10.8,0.0,100,3.8,
1326,2024-11-06,00:00,23.59,Olympia,1151,1202,2353,2.7,8.6,0.1,83,2.9,
1327,2024-11-07,00:00,23.59,Olympia,1136,1150,2286,5.4,7.2,0.1,100,0.0,
1328,2024-11-08,00:00,23.59,Olympia,918,908,1826,3.8,6.0,0.0,100,0.0,
1329,2024-11-09,00:00,23.59,Olympia,775,840,1615,3.3,7.5,0.0,99,2.1,
1330,2024-11-10,00:00,23.59,Olympia,504,526,1030,2.5,5.1,0.0,100,0.0,
1331,2024-11-11,00:00,23.59,Olympia,973,990,1963,1.5,5.3,0.0,100,0.2,
1332,2024-11-12,00:00,23.59,Olympia,1000,1030,2030,1.7,4.1,0.0,100,0.0,
1333,2024-11-13,00:00,23.59,Olympia,952,944,1896,0.5,2.2,0.6,98,0.0,
1334,2024-11-14,00:00,23.59,Olympia,1109,1101,2210,0.9,6.6,0.3,86,4.2,
1335,2024-11-15,00:00,23.59,Olympia,1039,1069,2108,0.3,6.9,0.0,79,0.1,
1336,2024-11-16,00:00,23.59,Olympia,769,796,1565,-1.4,11.1,0.0,25,8.9,
1337,2024-11-17,00:00,23.59,Olympia,550,568,1118,-1.2,9.7,4.5,91,3.8,
1338,2024-11-18,00:00,23.59,Olympia,918,928,1846,3.8,9.9,0.8,93,2.7,
1339,2024-11-19,00:00,23.59,Olympia,942,967,1909,6.5,12.5,12.9,98,1.0,
1340,2024-11-20,00:00,23.59,Olympia,729,763,1492,0.4,9.7,2.3,75,5.0,
1341,2024-11-21,00:00,23.59,Olympia,850,838,1688,-1.2,3.7,6.3,95,1.2,
1342,2024-11-22,00:00,23.59,Olympia,393,407,800,-2.2,1.4,0.2,78,5.5,
1343,2024-11-23,00:00,23.59,Olympia,403,380,783,0.7,6.3,0.0,93,5.6,
1344,2024-11-24,00:00,23.59,Olympia,530,532,1062,3.1,15.4,0.1,84,4.7,
1345,2024-11-25,00:00,23.59,Olympia,1125,1127,2252,2.0,16.5,2.3,36,8.2,
1346,2024-11-26,00:00,23.59,Olympia,1033,1037,2070,5.5,11.2,0.0,88,2.4,
1347,2024-11-27,00:00,23.59,Olympia,1031,1083,2114,3.2,12.2,3.8,83,4.8,
1348,2024-11-28,00:00,23.59,Olympia,759,753,1512,3.7,11.7,5.5,95,0.0,
1349,2024-11-29,00:00,23.59,Olympia,763,834,1597,-0.2,6.2,0.0,58,2.3,
1350,2024-11-30,00:00,23.59,Olympia,580,555,1135,-2.0,5.5,0.0,10,6.7,
1351,2024-12-01,00:00,23.59,Olympia,467,421,888,-3.3,-0.1,0.0,95,0.2,
1352,2024-12-02,00:00,23.59,Olympia,812,836,1648,-3.5,7.3,5.9,88,0.5,
1353,2024-12-03,00:00,23.59,Olympia,994,986,1980,3.5,7.3,2.5,90,2.5,
1354,2024-12-04,00:00,23.59,Olympia,774,818,1592,-0.1,3.7,0.0,89,0.0,
1355,2024-12-05,00:00,23.59,Olympia,914,873,1787,-1.2,5.1,2.9,68,6.5,
1356,2024-12-06,00:00,23.59,Olympia,502,513,1015,3.5,8.8,4.9,95,0.4,
1357,2024-12-07,00:00,23.59,Olympia,502,431,933,2.0,7.2,2.4,98,0.5,
1358,2024-12-08,00:00,23.59,Olympia,479,426,905,2.6,6.3,6.1,95,0.7,
1359,2024-12-09,00:00,23.59,Olympia,640,652,1292,0.2,3.0,3.6,96,0.0,
1360,2024-12-10,00:00,23.59,Olympia,742,730,1472,0.3,2.3,0.1,96,0.0,
1361,2024-12-11,00:00,23.59,Olympia,790,794,1584,1.2,2.5,0.0,99,0.0,
1362,2024-12-12,00:00,23.59,Olympia,887,841,1728,0.3,2.1,0.0,100,0.0,
1363,2024-12-13,00:00,23.59,Olympia,673,680,1353,-0.7,1.2,0.0,100,0.0,
1364,2024-12-14,00:00,23.59,Olympia,478,432,910,-1.3,4.4,0.0,100,0.0,
1365,2024-12-15,00:00,23.59,Olympia,562,516,1078,1.6,5.2,0.2,91,2.3,
1366,2024-12-16,00:00,23.59,Olympia,905,901,1806,4.8,11.8,0.0,54,3.8,
1367,2024-12-17,00:00,23.59,Olympia,956,955,1911,2.2,8.8,0.0,90,5.1,
1368,2024-12-18,00:00,23.59,Olympia,946,959,1905,2.3,12.6,0.0,99,1.2,
1369,2024-12-19,00:00,23.59,Olympia,823,861,1684,3.2,12.6,4.7,93,0.2,
1370,2024-12-20,00:00,23.59,Olympia,576,568,1144,0.8,3.3,0.4,88,0.0,
1371,2024-12-21,00:00,23.59,Olympia,474,481,955,0.1,6.9,5.0,71,3.5,
1372,2024-12-22,00:00,23.59,Olympia,198,165,363,0.0,6.5,12.8,80,0.6,
1373,2024-12-23,00:00,23.59,Olympia,297,266,563,0.1,3.1,1.0,91,3.3,
1374,2024-12-24,00:00,23.59,Olympia,132,115,247,-1.1,2.4,0.1,91,0.0,
1375,2024-12-25,00:00,23.59,Olympia,217,201,418,-2.9,4.6,0.0,14,8.0,
1376,2024-12-26,00:00,23.59,Olympia,167,139,306,-4.4,-0.4,0.0,81,2.2,
1377,2024-12-27,00:00,23.59,Olympia,202,221,423,-5.0,-2.1,0.0,96,0.0,
1378,2024-12-28,00:00,23.59,Olympia,260,257,517,-4.2,2.0,0.0,43,6.2,
1379,2024-12-29,00:00,23.59,Olympia,358,300,658,-5.1,5.9,0.0,14,8.1,
1380,2024-12-30,00:00,23.59,Olympia,280,257,537,-3.8,-1.7,0.0,100,0.1,
1381,2024-12-31,00:00,23.59,Olympia,370,308,678,-4.3,2.9,0.0,49,6.9,
